# lemma|audited corpus selectors|RU translation|UA translation|RU road context|UA road context
# Base-v1 retains the four original IDs and definitions for SavedWord compatibility.
a|a|и|і|Соединяет объекты или действия в описании знака.|Поєднує об'єкти або дії в описі знака.
absence|absence|отсутствие|відсутність|Указывает, что названного элемента нет.|Указує, що названого елемента немає.
aby|abyste|чтобы|щоб|Вводит цель рекомендуемого действия водителя.|Уводить мету рекомендованої дії водія.
aktuální|aktuální|текущий, актуальный|поточний, актуальний|Относится к условиям движения в данный момент.|Стосується умов руху в цей момент.
akustický|akustické|звуковой|звуковий|Сигнал воспринимается на слух.|Сигнал сприймається на слух.
ale|ale|но|але|Противопоставляет условие предыдущему утверждению.|Протиставляє умову попередньому твердженню.
alespoň|alespoň|хотя бы, не менее|хоча б, щонайменше|Обозначает нижнюю границу указанной величины.|Позначає нижню межу вказаної величини.
ani|ani|ни, даже не|ані, навіть не|Усиливает отрицание в описании ограничения.|Посилює заперечення в описі обмеження.
ano|ano|да|так|Подтверждает утверждение или условие.|Підтверджує твердження або умову.
auto|aut auta auto|автомобиль, машина|автомобіль, машина|Разговорное название автомобиля в тексте знака.|Розмовна назва автомобіля в тексті знака.
autobus|autobus*|автобус|автобус|Транспортное средство для перевозки пассажиров.|Транспортний засіб для перевезення пасажирів.
automat|automatem automatu|автомат|автомат|Здесь устройство для оплаты парковки.|Тут пристрій для оплати паркування.
automatický|automaticky automatické automatický|автоматический|автоматичний|Действует без постоянного ручного управления.|Діє без постійного ручного керування.
automobil|automobil automobilem automobilová automobilu automobily automobilů|автомобиль|автомобіль|Автомобиль или относящееся к нему обозначение.|Автомобіль або пов'язане з ним позначення.
autoservis|autoservis|автосервис|автосервіс|Место обслуживания и ремонта автомобилей.|Місце обслуговування та ремонту автомобілів.
až|až|до, вплоть до, только когда|до, аж до, лише коли|Обозначает предел или момент выполнения действия.|Позначає межу або момент виконання дії.
barva|barva barvu|цвет|колір|Цвет знака, сигнала или дорожной разметки.|Колір знака, сигналу або дорожньої розмітки.
bez|bez|без|без|Указывает отсутствие названного условия или элемента.|Указує на відсутність названої умови чи елемента.
bezpečnost|bezpečnost bezpečnosti|безопасность|безпека|Отсутствие угрозы участникам движения.|Відсутність загрози учасникам руху.
bezpečný|bezpečnou bezpečné bezpečném bezpečný bezpečně bezpečí|безопасный, безопасно, безопасность|безпечний, безпечно, безпека|Действие или место без угрозы участникам движения.|Дія чи місце без загрози учасникам руху.
bezplatný|bezplatné|бесплатный|безплатний|За указанную услугу не взимается плата.|За вказану послугу не стягується плата.
bezprostředně|bezprostředně|непосредственно, сразу|безпосередньо, відразу|Указывает на непосредственную близость места или момента.|Указує на безпосередню близькість місця чи моменту.
blikat|blikající|мигать, мигающий|блимати, миготливий|Световой сигнал периодически включается и гаснет.|Світловий сигнал періодично вмикається та гасне.
blízký|bližší blízkost blízkosti blízká blízké blízkém blízký|близкий, близость|близький, близькість|О расстоянии до объекта или участка дороги.|Про відстань до об'єкта чи ділянки дороги.
blokovat|blokovali|блокировать, преграждать|блокувати, перегороджувати|Мешать проезду или проходу других участников.|Перешкоджати проїзду чи проходу інших учасників.
blížit|blížící|приближаться|наближатися|О транспортном средстве, которое становится ближе.|Про транспортний засіб, який стає ближчим.
bod|bod|точка, пункт|точка, пункт|Конкретное место или элемент схемы движения.|Конкретне місце чи елемент схеми руху.
bok|boku|бок, сторона|бік, сторона|Боковая сторона транспортного средства.|Бічна сторона транспортного засобу.
boční|boční bočního|боковой|бічний|Направленный сбоку, например ветер или дорога.|Спрямований збоку, наприклад вітер або дорога.
brzda|brzda|тормоз|гальмо|Устройство для снижения скорости и остановки.|Пристрій для зниження швидкості та зупинки.
brzdění|brzděním|торможение|гальмування|Снижение скорости с помощью тормозов.|Зниження швидкості за допомогою гальм.
být|bude buďte bylo byste být bývá je je-li jsou jste-li|быть, являться|бути, бути наявним|Связывает предмет с состоянием или условием в тексте.|Пов'язує предмет зі станом або умовою в тексті.
bílý|bílá bílé bílý bílým|белый|білий|Цвет элемента знака, сигнала или разметки.|Колір елемента знака, сигналу чи розмітки.
běžný|běžnou běžná běžné běžného běžný běžných běžným běžně|обычный, обычно|звичайний, зазвичай|О стандартных условиях или обычном порядке движения.|Про стандартні умови чи звичайний порядок руху.
břeh|břehu|берег|берег|Край водоёма рядом с дорогой.|Край водойми біля дороги.
celkový|celkovou|общий, суммарный|загальний, сумарний|Учитывает величину целиком, а не отдельную часть.|Ураховує величину загалом, а не окрему частину.
celek|celku|целое|ціле|Весь объект или вся ситуация движения.|Увесь об'єкт або вся ситуація руху.
celý|celou celá celé celém celý|весь, целый|весь, цілий|Распространяется на названный объект полностью.|Поширюється на названий об'єкт повністю.
centrum|centrum|центр|центр|Центральная часть населённого пункта как цель маршрута.|Центральна частина населеного пункту як ціль маршруту.
cena|ceně|цена, стоимость|ціна, вартість|Сумма, взимаемая за указанную услугу.|Сума, яку стягують за вказану послугу.
cesta|cesta cestou cestu cesty|дорога, путь|дорога, шлях|Путь движения или маршрут к указанному месту.|Шлях руху чи маршрут до вказаного місця.
cestující|cestující cestujících|пассажир, пассажиры|пасажир, пасажири|Люди, перевозимые транспортным средством.|Люди, яких перевозять транспортним засобом.
chodec|chodce chodcem chodci chodců chodcům chodec chodecký|пешеход|пішохід|Участник движения, передвигающийся пешком.|Учасник руху, який пересувається пішки.
chodník|chodník chodníku|тротуар|тротуар|Часть дороги, предназначенная для пешеходов.|Частина дороги, призначена для пішоходів.
chůze|chůzí|ходьба|ходьба|Передвижение пешком, а не на транспортном средстве.|Пересування пішки, а не транспортним засобом.
co|co|что, который|що, який|Вопрос или связь с уточняющей частью описания.|Запитання або зв'язок з уточнювальною частиною опису.
cyklista|cyklista cyklistovi cyklistu cyklisty cyklisté cyklistů cyklistům|велосипедист|велосипедист|Участник движения, который едет на велосипеде.|Учасник руху, який їде на велосипеді.
cyklistický|cyklistickou cyklistické cyklistický|велосипедный|велосипедний|Относится к движению велосипедистов.|Стосується руху велосипедистів.
cyklostezka|cyklostezky|велосипедная дорожка|велосипедна доріжка|Дорожка для движения велосипедистов.|Доріжка для руху велосипедистів.
cyklotrasa|cyklotrasu cyklotrasy|велосипедный маршрут|велосипедний маршрут|Обозначенное направление велосипедного маршрута.|Позначений напрямок велосипедного маршруту.
cíl|cíl cíle cílech cílem cíli cílům|цель, пункт назначения|ціль, пункт призначення|Место, к которому ведёт указатель или маршрут.|Місце, до якого веде покажчик чи маршрут.
další|další dalších dalšího dalším|следующий, дополнительный|наступний, додатковий|Следующий объект либо добавочное условие.|Наступний об'єкт або додаткова умова.
daný|daný|данный, указанный|цей, указаний|Конкретный объект или условие, о котором идёт речь.|Конкретний об'єкт чи умова, про які йдеться.
datum|datum|дата|дата|Календарная дата действия обозначения.|Календарна дата дії позначення.
dbát|dbejte|обращать внимание, соблюдать|зважати, дотримуватися|Призыв учитывать условия и безопасность движения.|Заклик ураховувати умови й безпеку руху.
dát|dej dejte dát dávejte dává|дать, предоставлять|дати, надавати|Здесь предоставление преимущества или возможности проехать.|Тут надання переваги чи можливості проїхати.
dlouhý|delší delších delšího delším|длиннее, более длительный|довший, триваліший|Сравнивает длину пути, участка или продолжительность.|Порівнює довжину шляху, ділянки чи тривалість.
denní|denním|дневной|денний|Относится ко времени суток или дневному освещению.|Стосується часу доби чи денного освітлення.
deska|deska desku desky|табличка, щит|табличка, щит|Плоский носитель дорожного обозначения.|Плаский носій дорожнього позначення.
déšť|deště déšť|дождь|дощ|Осадки, влияющие на видимость и состояние дороги.|Опади, що впливають на видимість і стан дороги.
divoký|divokou|дикий|дикий|О животных, свободно живущих в природе.|Про тварин, які вільно живуть у природі.
dle|dle|согласно, по|згідно з, за|Отсылает к указанному правилу или условию.|Відсилає до вказаного правила чи умови.
do|do|до, в|до, у|Обозначает направление, границу или место назначения.|Позначає напрямок, межу чи місце призначення.
doba|dobou dobu|время, период|час, період|Промежуток времени действия условия или ограничения.|Проміжок часу дії умови чи обмеження.
dobrovolný|dobrovolné|добровольный|добровільний|Выбор, который сам по себе не является обязанностью.|Вибір, який сам собою не є обов'язком.
dobíjecí|dobíjecí|зарядный|зарядний|Относится к зарядке аккумулятора электромобиля.|Стосується заряджання акумулятора електромобіля.
dodatkový|dodatkovou dodatková dodatkové|дополнительный|додатковий|О табличке, уточняющей значение основного знака.|Про табличку, яка уточнює значення основного знака.
dodržet|dodržení dodržování dodržte dodržujte|соблюдать, соблюдение|дотримуватися, дотримання|Выполнять указанное правило или ограничение.|Виконувати вказане правило чи обмеження.
dokončit|dokončením dokončete dokončování|завершить, завершение|завершити, завершення|Довести уже начатый манёвр до конца.|Довести вже розпочатий маневр до кінця.
dolní|dolní|нижний|нижній|О части знака, расположенной ниже другой.|Про частину знака, розташовану нижче іншої.
dům|domy|дом, здание|будинок, будівля|Застройка возле дороги или жилой зоны.|Забудова біля дороги чи житлової зони.
domácí|domácí domácích domácího|домашний|домашній|Здесь о домашних животных возле дороги.|Тут про свійських тварин біля дороги.
doplnit|doplněná doplnění doplňuje doplňující|дополнить, уточнить, дополнение|доповнити, уточнити, доповнення|Добавить информацию к основному обозначению.|Додати інформацію до основного позначення.
doplňkový|doplňková|дополнительный|додатковий|Сопровождает основное дорожное обозначение.|Супроводжує основне дорожнє позначення.
doporučit|doporučenou doporučená doporučené doporučení doporučením doporučuje|рекомендовать, рекомендованный|рекомендувати, рекомендований|Совет по движению, отличаемый от прямого запрета.|Порада щодо руху, яку відрізняють від прямої заборони.
dopravce|dopravce|перевозчик|перевізник|Организация или лицо, выполняющее перевозки.|Організація чи особа, яка здійснює перевезення.
dopravní|dopravní dopravního dopravním|дорожный, транспортный|дорожній, транспортний|Связанный с движением и его организацией.|Пов'язаний з рухом та його організацією.
doprava|dopravu dopravy dopravě|движение, транспорт|рух, транспорт|Перемещение участников и транспортных средств по дороге.|Пересування учасників і транспортних засобів дорогою.
doprovodný|doprovodnou|сопровождающий|супровідний|О дополнительной информации рядом с основным обозначением.|Про додаткову інформацію біля основного позначення.
dostupný|dostupná dostupné dostupný|доступный|доступний|Место или услуга, которыми можно воспользоваться.|Місце чи послуга, якими можна скористатися.
dotčený|dotčeném dotčeným|затронутый, соответствующий|охоплений, відповідний|Участник или участок, к которому относится условие.|Учасник чи ділянка, яких стосується умова.
dovolit|dovoleno dovolenou dovolená dovolené dovolených dovoluje dovolují-li|разрешать, разрешённый|дозволяти, дозволений|Действие допускается при названных условиях.|Дію дозволено за названих умов.
dočasný|dočasná dočasné|временный|тимчасовий|Обозначение действует ограниченное время.|Позначення діє обмежений час.
druh|druh druhu druhy druhů druhům|вид, тип|вид, тип|Категория участника, транспорта или обозначения.|Категорія учасника, транспорту чи позначення.
druhý|druhou druhé druhého druhý|второй, другой|другий, інший|Второй элемент или другой участник в сравнении.|Другий елемент чи інший учасник у порівнянні.
dráha|dráhou dráhu|путь, полоса, траектория|шлях, смуга, траєкторія|Линия движения или специально выделенный путь.|Лінія руху чи спеціально виділений шлях.
držet|držte|держать, сохранять|тримати, зберігати|Призыв сохранять положение, направление или дистанцию.|Заклик зберігати положення, напрямок чи дистанцію.
dva|dva dvou dvě|два, две|два, дві|Количество объектов, например полос или путей.|Кількість об'єктів, наприклад смуг чи колій.
dvojice|dvojice|пара|пара|Два рассматриваемых вместе объекта.|Два об'єкти, які розглядаються разом.
dvojitý|dvojitá dvojité|двойной|подвійний|О двух параллельных линиях или элементах.|Про дві паралельні лінії чи елементи.
dvojí|dvojí dvojímu|двоякий, двух видов|двоякий, двох видів|О двух видах или вариантах обозначения.|Про два види чи варіанти позначення.
dál|dál dále|дальше, далее|далі|Продолжение движения или последующее уточнение.|Продовження руху чи подальше уточнення.
dálkový|dálková|дальний, дальнего следования|далекий, далекого сполучення|О направлениях или маршрутах на большое расстояние.|Про напрямки чи маршрути на велику відстань.
dálnice|dálnice dálnici dálniční|автомагистраль|автомагістраль|Дорога, обозначенная как автомагистраль.|Дорога, позначена як автомагістраль.
délka|délce délka délkou délku|длина|довжина|Продольный размер транспорта или протяжённость участка.|Поздовжній розмір транспорту чи протяжність ділянки.
dítě|dítě děti dětí|ребёнок, дети|дитина, діти|Дети как участники движения и возможная опасность.|Діти як учасники руху та можлива небезпека.
dělený|dělená dělené dělených|разделённый|розділений|Раздельные части пространства для разных участников.|Окремі частини простору для різних учасників.
dělicí|dělicí dělící|разделительный|розділювальний|Элемент, который отделяет потоки или полосы.|Елемент, який відділяє потоки чи смуги.
dříve|dříve|раньше|раніше|О порядке проезда или более раннем моменте.|Про порядок проїзду чи раніший момент.
důvod|důvod důvodem důvodu|причина, основание|причина, підстава|Причина ограничения или выполнения действия.|Причина обмеження чи виконання дії.
emisní|emisní emisím|эмиссионный, выбросы|емісійний, викиди|Относится к выбросам загрязняющих веществ транспортом.|Стосується викидів забруднювальних речовин транспортом.
energie|energie|энергия|енергія|Энергия, необходимая для работы транспортного средства.|Енергія, потрібна для роботи транспортного засобу.
fyzický|fyzickou|физический|фізичний|О реальном препятствии или физической характеристике.|Про реальну перешкоду чи фізичну характеристику.
fáze|fáze|фаза, этап|фаза, етап|Этап цикла работы световой сигнализации.|Етап циклу роботи світлової сигналізації.
garáž|garáži|гараж|гараж|Закрытое помещение для размещения автомобилей.|Закрите приміщення для розміщення автомобілів.
grafika|grafiky|графика, изображение|графіка, зображення|Визуальное изображение дорожного знака.|Візуальне зображення дорожнього знака.
hlavní|hlavní hlavním|главный, основной|головний, основний|Основная дорога или основное обозначение.|Головна дорога чи основне позначення.
hledat|hledejte|искать|шукати|Найти указанное обозначение или информацию.|Знайти вказане позначення чи інформацію.
hláska|hlásce hlásku|колонка экстренной связи|колонка екстреного зв'язку|Устройство у дороги для обращения за помощью.|Пристрій біля дороги для звернення по допомогу.
hlášení|hlášení|сообщение, оповещение|повідомлення, сповіщення|Передаваемая информация о ситуации на дороге.|Передана інформація про ситуацію на дорозі.
hlídat|hlídejte|следить, контролировать|стежити, контролювати|Внимательно контролировать указанное условие движения.|Уважно контролювати вказану умову руху.
hmotnost|hmotnost hmotnosti|масса|маса|Масса транспортного средства или груза.|Маса транспортного засобу чи вантажу.
hnací|hnací|ведущий, приводной|ведучий, приводний|О колёсах, на которые передаётся тяга двигателя.|Про колеса, на які передається тяга двигуна.
hnát|hnaní|гнать, перегонять|гнати, переганяти|Здесь о перегоне животных через дорогу.|Тут про перегін тварин через дорогу.
hodnota|hodnotu|значение, величина|значення, величина|Числовая величина, указанная на знаке.|Числова величина, вказана на знаку.
horní|horní|верхний|верхній|О части обозначения, расположенной сверху.|Про частину позначення, розташовану зверху.
horší|horší horších|хуже, худший|гірше, гірший|Условия движения менее благоприятны.|Умови руху менш сприятливі.
hotel|hotel|гостиница|готель|Место размещения, обозначенное сервисным знаком.|Місце розміщення, позначене сервісним знаком.
hranice|hranic hranice hranici|граница|межа, кордон|Предел территории, зоны или действия условия.|Межа території, зони чи дії умови.
hrbol|hrboly|бугор, неровность|горб, нерівність|Возвышение на поверхности дороги.|Підвищення на поверхні дороги.
hromadný|hromadnou hromadné|общественный, массовый|громадський, масовий|Здесь о транспорте для совместной перевозки пассажиров.|Тут про транспорт для спільного перевезення пасажирів.
hrot|hroty|остриё, наконечник|вістря, наконечник|Здесь шипы шин, улучшающие сцепление на льду.|Тут шипи шин, які поліпшують зчеплення на льоду.
hrozba|hrozbě|угроза|загроза|Возможная опасность для движения.|Можлива небезпека для руху.
hustý|hustý|густой, плотный|густий, щільний|О плотном движении или ухудшающем видимость тумане.|Про щільний рух чи туман, що погіршує видимість.
hygienický|hygienický hygienických|санитарный, гигиенический|санітарний, гігієнічний|Относится к санитарным службам и удобствам.|Стосується санітарних служб і зручностей.
i|i|и, также, даже|і, також, навіть|Добавляет участника, условие или действие к перечислению.|Додає учасника, умову чи дію до переліку.
ignorovat|ignorovat|игнорировать|ігнорувати|Не учитывать знак или важное условие движения.|Не враховувати знак чи важливу умову руху.
informace|informace informaci|информация|інформація|Сведения, сообщаемые знаком или табличкой.|Відомості, які повідомляє знак чи табличка.
informativní|informativní|информационный|інформаційний|Даёт сведения для ориентирования на дороге.|Надає відомості для орієнтування на дорозі.
informační|informační informačním|информационный|інформаційний|О знаках, сообщающих сведения и направления.|Про знаки, які повідомляють відомості й напрямки.
informovat|informuje|информировать, сообщать|інформувати, повідомляти|Знак сообщает водителю названные сведения.|Знак повідомляє водієві названі відомості.
jako|jako|как, в качестве|як, у ролі|Сравнивает обозначения или указывает их роль.|Порівнює позначення чи вказує їхню роль.
jaký|jakéhokoli jaký|какой, любой|який, будь-який|Уточняет вид объекта или отсутствие выбора по виду.|Уточнює вид об'єкта чи відсутність вибору за видом.
jazyk|jazyce jazyk|язык|мова|Язык надписи на дорожном обозначении.|Мова напису на дорожньому позначенні.
jít|jde jdoucích|идти, речь идёт|іти, йдеться|Передвижение пешком или пояснение предмета описания.|Пересування пішки чи пояснення предмета опису.
jet|jede jedete jet jeďte|ехать|їхати|Передвигаться на транспортном средстве.|Пересуватися транспортним засобом.
jeden|jeden jedna jedno jednoho jednom jednu jedné jedním|один|один|Один объект или одна часть дорожного пространства.|Один об'єкт чи одна частина дорожнього простору.
jediný|jediné|единственный|єдиний|Только один допустимый или указанный вариант.|Лише один допустимий чи вказаний варіант.
jednodenní|jednodenní|однодневный|одноденний|Действующий или используемый в течение одного дня.|Чинний чи використовуваний протягом одного дня.
jednoduchý|jednoduché|простой|простий|Несложное обозначение или устройство.|Нескладне позначення чи пристрій.
jednokolejný|jednokolejný|однопутный|одноколійний|Железная дорога с одним путём.|Залізниця з однією колією.
jednosměrka|jednosměrky|односторонняя улица|одностороння вулиця|Разговорное название дороги с одним направлением движения.|Розмовна назва дороги з одним напрямком руху.
jednosměrný|jednosměrnou jednosměrné jednosměrném jednosměrný|односторонний|односторонній|Движение организовано в одном направлении.|Рух організовано в одному напрямку.
jednotlivý|jednotlivá jednotlivé jednotlivých|отдельный, каждый|окремий, кожний|О каждом элементе, рассматриваемом отдельно.|Про кожний елемент, розглянутий окремо.
jedoucí|jedoucí jedoucími|едущий, движущийся|той, що їде, рухомий|О транспортном средстве, находящемся в движении.|Про транспортний засіб, який перебуває в русі.
jeho|jeho jehož|его, которого|його, якого|Относит условие к ранее названному объекту.|Відносить умову до раніше названого об'єкта.
on|jej ji ní ním něm němu němž|он, она, его, её|він, вона, його, її|Заменяет ранее названный объект или участника.|Замінює раніше названий об'єкт чи учасника.
jejich|jejich jejichž|их, которых|їхній, яких|Связывает характеристику с названными объектами.|Пов'язує характеристику з названими об'єктами.
její|její jejích jejího jejím|её|її|Указывает принадлежность ранее названному объекту.|Указує належність раніше названому об'єкту.
jen|jen|только|лише|Сужает правило до указанного случая или группы.|Звужує правило до вказаного випадку чи групи.
jestliže|jestliže|если|якщо|Вводит условие применения правила.|Уводить умову застосування правила.
jev|jevů|явление|явище|Обстоятельство, влияющее на ситуацию на дороге.|Обставина, яка впливає на ситуацію на дорозі.
jezdec|jezdce jezdcem jezdec|всадник|вершник|Участник движения, едущий верхом на животном.|Учасник руху, який їде верхи на тварині.
ještě|ještě|ещё|ще|Обозначает продолжение состояния или добавочное условие.|Позначає продовження стану чи додаткову умову.
jinak|jinak|иначе, по-другому|інакше, по-іншому|Альтернативный случай или способ действия.|Альтернативний випадок чи спосіб дії.
jinde|jinde|в другом месте|в іншому місці|Относит условие к другому участку или месту.|Відносить умову до іншої ділянки чи місця.
jiný|jinou jiná jiné jiného jiném jinému jiný jiných jiným jinými|другой, иной|інший|Отличает объект или условие от уже названного.|Відрізняє об'єкт чи умову від уже названого.
již|již|уже|уже|Указывает, что состояние или действие уже наступило.|Указує, що стан або дія вже настали.
jméno|jméno|имя, название|ім'я, назва|Название улицы, места или объекта на указателе.|Назва вулиці, місця чи об'єкта на покажчику.
jízda|jízda jízdou jízdu jízdy jízdě|езда, движение|їзда, рух|Передвижение транспортного средства по дороге.|Пересування транспортного засобу дорогою.
jízdní|jízdní jízdních jízdního jízdním jízdními|для движения, ездовой|для руху, їздовий|В сочетании jízdní pruh означает полосу движения.|У сполученні jízdní pruh означає смугу руху.
k|k ke|к|до|Обозначает направление к объекту или отношение к нему.|Позначає напрямок до об'єкта чи відношення до нього.
kámen|kameny kamení|камень, камни|камінь, каміння|Камни на дороге или возможность их падения.|Каміння на дорозі чи можливість його падіння.
kaple|kaple|часовня|каплиця|Религиозный объект как ориентир или цель маршрута.|Релігійний об'єкт як орієнтир чи ціль маршруту.
karoserie|karoserie|кузов|кузов|Наружная конструкция транспортного средства.|Зовнішня конструкція транспортного засобу.
kategorie|kategorie kategorii kategorií|категория|категорія|Класс транспорта, тоннеля или дорожного обозначения.|Клас транспорту, тунелю чи дорожнього позначення.
každý|každou každá každé každého každém každý každých každým|каждый|кожний|Относит условие ко всем указанным объектам по отдельности.|Відносить умову до всіх указаних об'єктів окремо.
kde|kde|где|де|Указывает место действия условия.|Указує місце дії умови.
kdekoli|kdekoli|где угодно, везде|будь-де, скрізь|Обозначает отсутствие ограничения по месту.|Позначає відсутність обмеження за місцем.
kdy|kdy|когда|коли|Указывает момент или условие действия.|Указує момент чи умову дії.
když|když|когда, если|коли, якщо|Связывает действие с ситуацией или условием.|Пов'язує дію із ситуацією чи умовою.
kemp|kemp|кемпинг|кемпінг|Место размещения в палатках или автодомах.|Місце розміщення в наметах чи автобудинках.
kilometr|kilometrech kilometry kilometrů|километр|кілометр|Единица расстояния или протяжённости маршрута.|Одиниця відстані чи протяжності маршруту.
kilometrovník|kilometrovník|километровый указатель|кілометровий покажчик|Обозначение положения на дороге по километражу.|Позначення розташування на дорозі за кілометражем.
kilometráž|kilometráž|километраж|кілометраж|Расстояние вдоль дороги от принятой начальной точки.|Відстань уздовж дороги від прийнятої початкової точки.
klakson|klakson|клаксон, звуковой сигнал|клаксон, звуковий сигнал|Устройство подачи звукового сигнала автомобиля.|Пристрій подавання звукового сигналу автомобіля.
klesání|klesání klesáním|спуск|спуск|Участок дороги, понижающийся по ходу движения.|Ділянка дороги, що знижується за напрямком руху.
klikatý|klikatá|извилистый|звивистий|Дорога с последовательными изменениями направления.|Дорога з послідовними змінами напрямку.
kluzký|kluzký|скользкий|слизький|Покрытие с ухудшенным сцеплением колёс.|Покриття з погіршеним зчепленням коліс.
kolo|kol kola kole kolo koly|колесо, велосипед|колесо, велосипед|Может обозначать колесо машины либо велосипед по контексту.|Може позначати колесо машини або велосипед за контекстом.
kolej|kolej koleje kolejí|рельсовый путь, рельс|рейкова колія, рейка|Путь движения железнодорожного или трамвайного транспорта.|Шлях руху залізничного чи трамвайного транспорту.
kolem|kolem|вокруг, мимо, около|навколо, повз, близько|О расположении либо проезде рядом с объектом.|Про розташування чи проїзд поряд з об'єктом.
kolmý|kolmé kolmého kolmým|перпендикулярный|перпендикулярний|Расположенный поперёк под прямым углом.|Розташований упоперек під прямим кутом.
kolona|kolona kolonami kolony koloně|колонна, очередь машин|колона, черга машин|Последовательность транспортных средств на дороге.|Послідовність транспортних засобів на дорозі.
kombinace|kombinaci|сочетание, комбинация|поєднання, комбінація|Несколько знаков или элементов, рассматриваемых вместе.|Кілька знаків чи елементів, розглянутих разом.
kombinovaný|kombinovanou kombinovaný|комбинированный|комбінований|Объединяет несколько способов или видов использования.|Поєднує кілька способів чи видів використання.
komplexní|komplexní|комплексный|комплексний|Описывает несколько связанных условий одновременно.|Описує кілька пов'язаних умов одночасно.
kdo|komu|кто, кому, никто|хто, кому, ніхто|Указывает участника; nikdo означает отсутствие такого участника.|Указує учасника; nikdo означає відсутність такого учасника.
komunikace|komunikace komunikaci komunikací|дорога, путь сообщения|дорога, шлях сполучення|В ПДД это дорога, а не разговор или связь.|У ПДР це дорога, а не розмова чи зв'язок.
komunální|komunální komunálnímu|коммунальный, муниципальный|комунальний, муніципальний|Относится к местным коммунальным службам.|Стосується місцевих комунальних служб.
konec|konce koncem konci konec|конец, окончание|кінець, закінчення|Место прекращения участка или действия ограничения.|Місце завершення ділянки чи дії обмеження.
konkrétní|konkrétní konkrétního konkrétním konkrétně|конкретный, определённый|конкретний, визначений|Указывает именно названный объект или условие.|Указує саме названий об'єкт чи умову.
konstrukčně|konstrukčně|по конструкции|за конструкцією|О технических свойствах, заданных устройством транспорта.|Про технічні властивості, задані будовою транспорту.
kontrola|kontrole kontrolou kontroly|проверка, контроль|перевірка, контроль|Проверка состояния транспорта или соблюдения условий.|Перевірка стану транспорту чи дотримання умов.
kontrolní|kontrolním|контрольный|контрольний|Предназначен для проверки или контроля.|Призначений для перевірки чи контролю.
kontrolovat|kontrolujte|проверять|перевіряти|Призыв убедиться в состоянии или правильности действия.|Заклик переконатися у стані чи правильності дії.
končit|končí|заканчиваться|закінчуватися|Прекращается участок или действие обозначения.|Завершується ділянка чи дія позначення.
koridor|koridor|коридор|коридор|Выделенное пространство для определённого направления движения.|Виділений простір для певного напрямку руху.
kosočtverec|kosočtverec|ромб|ромб|Геометрическая форма дорожного знака или символа.|Геометрична форма дорожнього знака чи символу.
kotouč|kotouč kotoučem kotouči|диск|диск|Здесь парковочный диск для обозначения времени.|Тут паркувальний диск для позначення часу.
kouř|kouř kouře|дым|дим|Может ухудшать видимость и указывать на опасность.|Може погіршувати видимість і вказувати на небезпеку.
kraj|kraje|край|край|Граница дорожного пространства или области.|Межа дорожнього простору чи області.
krajnice|krajnice krajnici|обочина|узбіччя|Боковая часть дороги рядом с проезжей частью.|Бічна частина дороги поряд з проїзною частиною.
kromě|kromě|кроме, за исключением|крім, за винятком|Выделяет исключение из общего условия.|Виділяє виняток із загальної умови.
kruh|kruh kruhu|круг|коло|Геометрическая форма знака или элемента схемы.|Геометрична форма знака чи елемента схеми.
kruhový|kruhovém kruhový kruhovým|круговой|кільцевий|В сочетании kruhový objezd означает круговое движение.|У сполученні kruhový objezd означає кільцевий рух.
krytý|kryté krytého krytém|крытый, закрытый|критий, закритий|Место или объект под крышей либо с покрытием.|Місце чи об'єкт під дахом або з покриттям.
krátký|krátce krátké krátkého krátký|короткий, кратко|короткий, стисло|О небольшой длине, длительности или кратком описании.|Про малу довжину, тривалість чи стислий опис.
který|kterou která které kterého který|который, какой|який, котрий|Связывает условие с конкретным объектом в предложении.|Пов'язує умову з конкретним об'єктом у реченні.
kudy|kudy|куда, каким путём|куди, яким шляхом|О направлении или маршруте движения.|Про напрямок чи маршрут руху.
kulturní|kulturní kulturnímu|культурный|культурний|Объект культуры как цель туристического указателя.|Об'єкт культури як ціль туристичного покажчика.
kvůli|kvůli|из-за, ради|через, заради|Называет причину действия или ограничения.|Називає причину дії чи обмеження.
křižovatka|křižovatce křižovatek křižovatka křižovatkou křižovatku křižovatky křižovatkách|перекрёсток|перехрестя|Место пересечения или соединения дорог.|Місце перетину чи з'єднання доріг.
kříž|kříž křížem|крест|хрест|Крестообразный символ дорожного обозначения.|Хрестоподібний символ дорожнього позначення.
křížit|křížení křížit kříží křížící|пересекать, пересечение|перетинати, перетин|Пересечение путей движения или линий.|Перетин шляхів руху чи ліній.
led|led|лёд|лід|Замёрзшая вода, ухудшающая сцепление с дорогой.|Замерзла вода, яка погіршує зчеплення з дорогою.
ledaže|ledaže|если только не|якщо тільки не|Вводит условие исключения из утверждения.|Уводить умову винятку з твердження.
lesní|lesní|лесной|лісовий|Относится к лесу или дороге в лесу.|Стосується лісу чи дороги в лісі.
letadlo|letadla letadly|самолёт|літак|Воздушное судно вблизи дороги или аэродрома.|Повітряне судно поблизу дороги чи аеродрому.
letiště|letiště|аэропорт, аэродром|аеропорт, аеродром|Объект авиации, к которому ведёт указатель.|Об'єкт авіації, до якого веде покажчик.
limit|limit limitech limitem limitu|предел, ограничение|межа, обмеження|Максимальная или иная установленная граница величины.|Максимальна чи інша встановлена межа величини.
linkový|linkové|маршрутный|маршрутний|Транспорт, выполняющий рейсы по определённому маршруту.|Транспорт, який виконує рейси за певним маршрутом.
lišit|lišit liší|отличаться|відрізнятися|Иметь различие со сравниваемым обозначением.|Мати відмінність від порівнюваного позначення.
lze|lze lze-li|можно, возможно|можна, можливо|Указывает возможность действия при названных условиях.|Указує можливість дії за названих умов.
látka|látkami|вещество|речовина|Здесь перевозимые вещества, в том числе опасные.|Тут речовини, які перевозять, зокрема небезпечні.
lékařský|lékařské|медицинский|медичний|Относится к медицинской помощи или учреждению.|Стосується медичної допомоги чи закладу.
nikdo|nikdo nikoho|никто, никого|ніхто, нікого|Отрицает наличие любого указанного участника.|Заперечує наявність будь-якого вказаного учасника.
bus|bus|автобус|автобус|Надпись BUS обозначает автобусное назначение.|Напис BUS позначає автобусне призначення.
malý|malý menší|малый, меньший|малий, менший|О сравнительно небольшом размере объекта.|Про порівняно малий розмір об'єкта.
manévr|manévr manévru|манёвр|маневр|Изменение направления или положения транспорта.|Зміна напрямку чи положення транспорту.
mechanicky|mechanicky|механически|механічно|Здесь применение правила без оценки реальной ситуации.|Тут застосування правила без оцінювання реальної ситуації.
menšina|menšiny|меньшинство|меншість|Здесь группа населения, язык которой указан на табличке.|Тут група населення, мову якої вказано на табличці.
meteorologický|meteorologickou|метеорологический|метеорологічний|Относится к погоде и атмосферным условиям.|Стосується погоди й атмосферних умов.
metr|metrech|метр|метр|Единица длины, расстояния или размера транспорта.|Одиниця довжини, відстані чи розміру транспорту.
mez|mez|граница, предел|межа, граничне значення|Граница допустимого значения или участка.|Межа допустимого значення чи ділянки.
mezera|mezeru mezery|промежуток, зазор|проміжок, зазор|Свободное расстояние между объектами или машинами.|Вільна відстань між об'єктами чи машинами.
mezi|mezi|между|між|Расположение относительно двух или нескольких объектов.|Розташування відносно двох чи кількох об'єктів.
mezinárodní|mezinárodní|международный|міжнародний|О маршруте или обозначении, связанном с разными странами.|Про маршрут чи позначення, пов'язане з різними країнами.
mimo|mimo|вне, кроме|поза, крім|Вне указанного места либо исключение из условия.|Поза вказаним місцем або виняток з умови.
mimoúrovňový|mimoúrovňovou|разноуровневый|різнорівневий|Дороги пересекаются на разных уровнях.|Дороги перетинаються на різних рівнях.
minimum|minimum|минимум|мінімум|Наименьшее указанное значение величины.|Найменше вказане значення величини.
minimální|minimální|минимальный|мінімальний|Нижний предел названной величины.|Нижня межа названої величини.
ministerstvo|ministerstvo|министерство|міністерство|Государственное ведомство в названии источника.|Державне відомство в назві джерела.
mizet|mizícího|исчезать, исчезающий|зникати, той, що зникає|Здесь о прекращающейся полосе движения.|Тут про смугу руху, яка закінчується.
mlha|mlha mlhu mlhy mlze|туман|туман|Взвесь капель в воздухе, снижающая видимость.|Завислі краплі в повітрі, які знижують видимість.
množství|množství|количество|кількість|Объём или число указанных объектов.|Обсяг або число вказаних об'єктів.
modlitební|modlitební|молитвенный|молитовний|Относится к месту религиозной молитвы.|Стосується місця релігійної молитви.
modrý|modrá modré modrý|синий|синій|Цвет элемента дорожного обозначения.|Колір елемента дорожнього позначення.
moci|mohl mohli mohou může můžete|мочь, можно|могти, можна|Возможность действия зависит от указанного условия.|Можливість дії залежить від указаної умови.
mokrý|mokra mokrou mokrá|мокрый, влажный|мокрий, вологий|О покрытии дороги с водой на поверхности.|Про покриття дороги з водою на поверхні.
most|most mostem|мост|міст|Сооружение для проезда над препятствием.|Споруда для проїзду над перешкодою.
motel|motel|мотель|мотель|Гостиница у дороги для автопутешественников.|Готель біля дороги для автоподорожніх.
motocykl|motocykl motocyklu motocykly motocyklů motocyklům|мотоцикл|мотоцикл|Моторное двухколёсное транспортное средство.|Моторний двоколісний транспортний засіб.
motorový|motorová motorové motorového motorový motorových motorovým|моторный|моторний|О транспорте, приводимом в движение двигателем.|Про транспорт, який приводить у рух двигун.
možnost|možnost možnosti|возможность|можливість|Допустимый или доступный вариант действия.|Допустимий чи доступний варіант дії.
možný|možnou možné možných možným|возможный|можливий|Может возникнуть или быть выполнен при данных условиях.|Може виникнути чи бути виконаний за цих умов.
muset|museli musíte|быть обязанным, должен|бути зобов'язаним, мусити|Выражает необходимость выполнить указанное действие.|Виражає необхідність виконати вказану дію.
mít|má mít|иметь|мати|Наличие свойства, оборудования или обязанности.|Наявність властивості, обладнання чи обов'язку.
míjet|míjení míjí|проезжать мимо, разъезжаться|проїжджати повз, розминатися|Движение мимо объекта или навстречу другому транспорту.|Рух повз об'єкт або назустріч іншому транспорту.
místo|míst místa místem místo místu místě|место|місце|Участок дороги, точка или выделенное пространство.|Ділянка дороги, точка чи виділений простір.
místní|místní místních místního místním místnímu|местный|місцевий|Относится к конкретной территории или месту.|Стосується конкретної території чи місця.
mířit|míří mířící|направляться, указывать|прямувати, вказувати|Направление движения либо ориентация стрелки.|Напрямок руху або орієнтація стрілки.
mýtný|mýtné mýtného mýtném mýtným|дорожный сбор, платный|дорожній збір, платний|Относится к оплате пользования дорогой.|Стосується оплати користування дорогою.
měnit|měnit mění|менять, изменять|міняти, змінювати|Изменить направление, полосу или действующее условие.|Змінити напрямок, смугу чи чинну умову.
měřit|měření měřte|измерять, измерение|вимірювати, вимірювання|Определять расстояние, размер или другую величину.|Визначати відстань, розмір чи іншу величину.
na|na|на, в|на, у|Указывает место, направление или назначение.|Указує місце, напрямок чи призначення.
nabízet|nabídnuté nabízí|предлагать, предложенный|пропонувати, запропонований|Здесь доступный водителю вариант или услуга.|Тут доступний водієві варіант чи послуга.
nad|nad|над, свыше|над, понад|Расположение сверху или превышение величины.|Розташування зверху чи перевищення величини.
nadchod|nadchod nadchodu|надземный переход|надземний перехід|Пешеходный переход над проезжей частью.|Пішохідний перехід над проїзною частиною.
nadpis|nadpis|заголовок, надпись|заголовок, напис|Текстовое обозначение на знаке.|Текстове позначення на знаку.
nadále|nadále|по-прежнему, далее|і далі, надалі|О продолжении действия правила или состояния.|Про продовження дії правила чи стану.
najít|najděte|найти|знайти|Призыв отыскать нужное обозначение или информацию.|Заклик відшукати потрібне позначення чи інформацію.
najednou|najednou|одновременно, сразу|одночасно, відразу|Несколько действий или условий в один момент.|Кілька дій чи умов в один момент.
naložit|naloženého naložení|загрузить, загруженный, погрузка|завантажити, завантажений, завантаження|Размещение груза в транспортном средстве.|Розміщення вантажу в транспортному засобі.
naměřený|naměřenou|измеренный|виміряний|Величина, полученная фактическим измерением.|Величина, отримана фактичним вимірюванням.
naplánovat|naplánujte|запланировать|запланувати|Заранее определить маршрут или предстоящее действие.|Заздалегідь визначити маршрут чи майбутню дію.
napravo|napravo|направо, справа|праворуч, справа|Направление или положение с правой стороны.|Напрямок чи положення з правого боку.
například|např například|например|наприклад|Вводит пример, а не исчерпывающий перечень.|Уводить приклад, а не вичерпний перелік.
napříč|napříč|поперёк|упоперек|Направление поперёк дороги или потока движения.|Напрямок упоперек дороги чи потоку руху.
nasadit|nasadit nasazení nasaďte|надеть, установить, установка|надягти, установити, установлення|Здесь установка цепей или другого оборудования.|Тут установлення ланцюгів чи іншого обладнання.
nastavit|nastavit nastavte|установить, настроить|установити, налаштувати|Задать положение устройства или указанное значение.|Задати положення пристрою чи вказане значення.
nastoupit|nastoupení nastupující nástupu|сесть в транспорт, посадка|сісти в транспорт, посадка|Вход пассажира в транспортное средство.|Вхід пасажира до транспортного засобу.
navazovat|navazuje navazující navazujícího návazné|продолжать, примыкать|продовжувати, прилягати|Соединяется с предшествующим участком или условием.|З'єднується з попередньою ділянкою чи умовою.
navigace|navigace navigaci|навигация|навігація|Определение маршрута и ориентирование при движении.|Визначення маршруту й орієнтування під час руху.
ne|ne|не, нет|не, ні|Отрицание действия, свойства или утверждения.|Заперечення дії, властивості чи твердження.
neaplikovat|neaplikujte|не применять|не застосовувати|Призыв не переносить правило на неподходящий случай.|Заклик не переносити правило на невідповідний випадок.
nebrat|neberte|не принимать, не считать|не приймати, не вважати|Не воспринимать обозначение в ошибочном смысле.|Не сприймати позначення в помилковому значенні.
nebezpečný|nebezpečná nebezpečné nebezpečnému nebezpečný nebezpečných nebezpečným|опасный|небезпечний|Способный создать угрозу участникам движения.|Здатний створити загрозу учасникам руху.
nebezpečí|nebezpečí nebezpečím|опасность|небезпека|Возможная угроза безопасности на дороге.|Можлива загроза безпеці на дорозі.
neblížit|neblíží|не приближаться|не наближатися|О транспорте, который не становится ближе.|Про транспорт, який не стає ближчим.
nebo|nebo|или|або|Разделяет альтернативные варианты или условия.|Розділяє альтернативні варіанти чи умови.
nechráněný|nechráněnému|незащищённый|незахищений|Участник без физической защиты транспортного средства.|Учасник без фізичного захисту транспортного засобу.
nechat|nechte|оставить, позволить|залишити, дозволити|Сохранить положение или дать другому выполнить действие.|Зберегти положення чи дати іншому виконати дію.
nedocházet|nedochází|не происходить|не відбуватися|Указанное событие или изменение не происходит.|Указана подія чи зміна не відбувається.
nedomnívat|nedomnívejte|не предполагать|не припускати|Не делать необоснованный вывод о значении знака.|Не робити необґрунтований висновок про значення знака.
nedostatečný|nedostatečný|недостаточный|недостатній|Меньше, чем требуется для безопасного действия.|Менший, ніж потрібно для безпечної дії.
nedávat|nedává|не давать|не надавати|Знак сам по себе не предоставляет указанного права.|Знак сам собою не надає вказаного права.
nehledat|nehledejte|не искать|не шукати|Призыв не искать отсутствующее значение или условие.|Заклик не шукати відсутнє значення чи умову.
nehoda|nehoda nehody|авария, ДТП|аварія, ДТП|Дорожное происшествие с участием транспорта.|Дорожня пригода за участю транспорту.
nehádat|nehádejte|не гадать|не вгадувати|Не заменять проверку знака предположениями.|Не замінювати перевірку знака припущеннями.
neignorovat|neignorujte|не игнорировать|не ігнорувати|Призыв учитывать важный знак или условие.|Заклик ураховувати важливий знак чи умову.
nejbližší|nejbližší nejbližším nejblíže|ближайший, ближе всего|найближчий, найближче|Объект с наименьшим расстоянием до рассматриваемого места.|Об'єкт із найменшою відстанню до розглянутого місця.
nejít|nejde|не идти, речь не идёт|не йти, не йдеться|Отрицает движение пешком или указанное толкование.|Заперечує рух пішки чи вказане тлумачення.
nejdále|nejdále|не дальше, самое дальнее|не далі, найдалі|Указывает предельное расстояние в данном условии.|Указує граничну відстань у цій умові.
nejdříve|nejdříve|сначала, раньше всего|спочатку, найраніше|Первый шаг действия или самый ранний момент.|Перший крок дії чи найраніший момент.
nejet|nejede nejezděte|не ехать|не їхати|Отрицание езды или призыв воздержаться от неё.|Заперечення їзди чи заклик утриматися від неї.
nejmenší|nejmenší nejméně|наименьший, как минимум|найменший, щонайменше|Наименьшая величина либо нижняя граница условия.|Найменша величина або нижня межа умови.
nejnižší|nejnižší|самый низкий, минимальный|найнижчий, мінімальний|Наименьший уровень указанной величины.|Найменший рівень указаної величини.
nebýt|nejsou není|не быть, отсутствовать|не бути, бути відсутнім|Отрицает наличие свойства, состояния или условия.|Заперечує наявність властивості, стану чи умови.
nejvyšší|nejvyšší nejvýše|максимальный, не более|максимальний, не більше|Верхняя граница указанной величины.|Верхня межа вказаної величини.
největší|největší|наибольший|найбільший|Самое большое значение или размер.|Найбільше значення чи розмір.
nekončit|nekončí|не заканчиваться|не закінчуватися|Действие условия или участок продолжается.|Дія умови чи ділянка продовжується.
nelze|nelze|нельзя, невозможно|не можна, неможливо|Указанное действие недопустимо или невозможно.|Указана дія недопустима чи неможлива.
nemocnice|nemocnice nemocnici|больница|лікарня|Медицинское учреждение, обозначенное знаком.|Медичний заклад, позначений знаком.
nemoci|nemohou|не мочь|не могти|Указывает отсутствие возможности выполнить действие.|Указує відсутність можливості виконати дію.
nemotorový|nemotorová|немоторный|немоторний|О транспорте, не приводимом в движение двигателем.|Про транспорт, який не приводить у рух двигун.
nemuset|nemusí|не быть обязанным|не бути зобов'язаним|Указанное действие не является необходимым в этом условии.|Указана дія не є необхідною за цієї умови.
nemít|nemá|не иметь|не мати|Отсутствие указанного свойства, права или оборудования.|Відсутність указаної властивості, права чи обладнання.
neměnit|nemění|не менять|не змінювати|Указанное условие остаётся прежним.|Указана умова залишається незмінною.
nenahrazovat|nenahrazuje|не заменять|не замінювати|Одно обозначение не выполняет роль другого.|Одне позначення не виконує роль іншого.
nenechat|nenechte|не позволить, не оставить|не дозволити, не залишити|Призыв не допустить указанного действия или состояния.|Заклик не допустити вказаної дії чи стану.
nenápadný|nenápadný|малозаметный|малопомітний|Объект, который легко не заметить на дороге.|Об'єкт, який легко не помітити на дорозі.
neobjíždět|neobjíždějte|не объезжать|не об'їжджати|Призыв не выполнять объезд указанного объекта.|Заклик не виконувати об'їзд указаного об'єкта.
neobvyklý|neobvyklé|необычный|незвичайний|Отличается от привычной дорожной ситуации.|Відрізняється від звичної дорожньої ситуації.
neodbočit|neodbočte neodbočujte|не поворачивать|не повертати|Призыв не менять направление указанным поворотом.|Заклик не змінювати напрямок указаним поворотом.
neodvozovat|neodvozujte|не выводить|не виводити|Не делать из знака вывод, которого он не содержит.|Не робити зі знака висновок, якого він не містить.
neohrozit|neohrožte|не подвергать опасности|не наражати на небезпеку|Призыв не создавать угрозу другому участнику.|Заклик не створювати загрозу іншому учаснику.
neomezený|neomezenou neomezená|неограниченный|необмежений|Нет названной границы в рассматриваемом условии.|Немає названої межі в розглянутій умові.
neomezovat|neomezujte neomezí-li|не создавать помех|не створювати перешкод|Не мешать другому участнику продолжать движение.|Не заважати іншому учаснику продовжувати рух.
neomlouvat|neomlouvá|не оправдывать|не виправдовувати|Указанное обстоятельство не оправдывает нарушение.|Указана обставина не виправдовує порушення.
neopravňovat|neopravňuje|не давать права|не надавати права|Знак не даёт названного разрешения.|Знак не надає названого дозволу.
neoznačovat|neoznačuje|не обозначать|не позначати|Данный знак не имеет указанного ошибочного значения.|Цей знак не має вказаного помилкового значення.
neparkovat|neparkujte|не парковать|не паркувати|Призыв не оставлять транспорт на парковке в данном месте.|Заклик не залишати транспорт на паркуванні в цьому місці.
neplatit|neplatí|не действовать|не діяти|Указанное правило не применяется в данном случае.|Указане правило не застосовується в цьому випадку.
neposuzovat|neposuzujte|не оценивать|не оцінювати|Не определять смысл только по указанному признаку.|Не визначати значення лише за вказаною ознакою.
nepoužívat|nepoužívejte nepoužívá|не использовать|не використовувати|Отрицание использования указанного средства.|Заперечення використання вказаного засобу.
nepovažovat|nepovažujte|не считать|не вважати|Призыв не приписывать знаку ошибочный смысл.|Заклик не приписувати знаку помилкове значення.
neprojíždět|neprojíždějte|не проезжать|не проїжджати|Призыв воздержаться от проезда через указанное место.|Заклик утриматися від проїзду через указане місце.
neprovádět|neprovádějte|не выполнять|не виконувати|Призыв не выполнять указанный манёвр.|Заклик не виконувати вказаний маневр.
nepředpokládat|nepředpokládejte|не предполагать|не припускати|Не считать отсутствующее условие автоматически верным.|Не вважати відсутню умову автоматично правильною.
nepředstavovat|nepředstavují|не представлять собой|не становити|Объект не является названным видом обозначения.|Об'єкт не є названим видом позначення.
nepřehlédnout|nepřehlédněte|не упустить, не пропустить|не проґавити, не пропустити|Призыв заметить важный элемент дорожной информации.|Заклик помітити важливий елемент дорожньої інформації.
nepřejíždět|nepřejíždí|не пересекать, не переезжать|не перетинати, не переїжджати|Отрицает пересечение линии или переход на другой участок.|Заперечує перетин лінії чи перехід на іншу ділянку.
nepřenášet|nepřenášejte|не переносить|не переносити|Не применять значение одного знака к другому.|Не застосовувати значення одного знака до іншого.
nepřesouvat|nepřesouvejte|не перемещать|не переміщувати|Призыв не менять указанное положение или место действия.|Заклик не змінювати вказане положення чи місце дії.
nerovnost|nerovnost nerovnosti nerovností|неровность|нерівність|Неровный участок поверхности дороги.|Нерівна ділянка поверхні дороги.
nerozhodovat|nerozhoduje|не определять|не визначати|Названный признак сам по себе не решает вопрос.|Названа ознака сама собою не вирішує питання.
nerušit|nerušit nerušuje neruší|не отменять, не мешать|не скасовувати, не заважати|Здесь сохранение правила либо отсутствие помех движению.|Тут збереження правила або відсутність перешкод руху.
neslučovat|neslučujte|не объединять|не об'єднувати|Не смешивать значения различных обозначений.|Не змішувати значення різних позначень.
neslévat|neslévejte|не сливать, не смешивать|не зливати, не змішувати|Призыв различать отдельные понятия или обозначения.|Заклик розрізняти окремі поняття чи позначення.
nesplést|nespleťte|не перепутать|не переплутати|Не путать знак с похожим обозначением.|Не плутати знак зі схожим позначенням.
nesplňovat|nesplňuje|не соответствовать|не відповідати|Условие или требование не выполнено.|Умову чи вимогу не виконано.
nespoléhat|nespoléhejte|не полагаться|не покладатися|Не рассчитывать только на названный признак.|Не розраховувати лише на названу ознаку.
nestanovit|nestanoví|не устанавливать|не встановлювати|Знак не задаёт указанного правила или величины.|Знак не задає вказаного правила чи величини.
nestačit|nestačí|быть недостаточным|бути недостатнім|Названного условия недостаточно для действия.|Названої умови недостатньо для дії.
nestát|nestojí|не стоять|не стояти|Транспорт или участник не находится в неподвижном состоянии.|Транспорт чи учасник не перебуває в нерухомому стані.
nesvítit|nesvítí|не светиться|не світитися|Световой сигнал или свет не включён.|Світловий сигнал чи світло не ввімкнено.
neudávat|neudává|не указывать|не вказувати|Знак не сообщает названную величину или условие.|Знак не повідомляє названу величину чи умову.
neudělovat|neuděluje|не предоставлять|не надавати|Обозначение не предоставляет указанное право.|Позначення не надає вказане право.
neukazovat|neukazuje|не показывать|не показувати|Обозначение не сообщает указанное направление или значение.|Позначення не повідомляє вказаний напрямок чи значення.
neukládat|neukládá|не предписывать|не приписувати|Знак не устанавливает названную обязанность.|Знак не встановлює названий обов'язок.
neukončovat|neukončuje|не прекращать|не припиняти|Знак не завершает действие указанного условия.|Знак не завершує дію вказаної умови.
neumožňovat|neumožňuje|не позволять|не дозволяти|Названное действие не становится возможным.|Названа дія не стає можливою.
neupravovat|neupravuje|не регулировать|не регулювати|Знак не регулирует названный вопрос движения.|Знак не регулює назване питання руху.
neurčovat|neurčuje neurčují|не определять|не визначати|Обозначение не задаёт названное условие.|Позначення не задає названу умову.
nevést|neveďte|не вести, не направлять|не вести, не спрямовувати|Призыв не направлять транспорт указанным способом.|Заклик не спрямовувати транспорт указаним способом.
nevidět|nevidíte|не видеть|не бачити|Наблюдателю недоступен указанный объект или признак.|Спостерігачеві не видно вказаного об'єкта чи ознаки.
nevjíždět|nevjíždí nevjíždějte|не въезжать|не в'їжджати|Отрицание въезда либо призыв воздержаться от него.|Заперечення в'їзду чи заклик утриматися від нього.
nevstupovat|nevstupujte|не входить|не входити|Призыв не входить пешком в указанное пространство.|Заклик не входити пішки до вказаного простору.
nevyjmenovaný|nevyjmenovaný|не перечисленный|не перелічений|Не включён в приведённый перечень.|Не включений до наведеного переліку.
nevykládat|nevykládejte|не толковать|не тлумачити|Не приписывать обозначению неподтверждённое значение.|Не приписувати позначенню непідтверджене значення.
nevyobrazený|nevyobrazené|не изображённый|не зображений|Объект, которого нет на рисунке знака.|Об'єкт, якого немає на малюнку знака.
nevysvětlit|nevysvětlí|не объяснить|не пояснити|Указанный признак не объясняет смысл целиком.|Указана ознака не пояснює значення повністю.
nevyvozovat|nevyvozujte|не делать вывод|не робити висновок|Не выводить из знака неуказанное правило.|Не виводити зі знака невказане правило.
nevyznačený|nevyznačený|не обозначенный|не позначений|Не выделен соответствующим знаком или разметкой.|Не виділений відповідним знаком чи розміткою.
nevztahovat|nevztahuje nevztahujte|не распространяться|не поширюватися|Условие не относится к названному случаю.|Умова не стосується названого випадку.
nezakazovat|nezakazuje|не запрещать|не забороняти|Само обозначение не содержит указанного запрета.|Саме позначення не містить указаної заборони.
nezaměňovat|nezaměňujte|не путать|не плутати|Не подменять значение одного знака другим.|Не підміняти значення одного знака іншим.
nezapomenout|nezapomeňte|не забыть|не забути|Призыв учесть важное условие движения.|Заклик урахувати важливу умову руху.
nezasahovat|nezasahuje nezasahujte|не выступать, не вмешиваться|не виступати, не втручатися|Не занимать чужое пространство и не вмешиваться в поток.|Не займати чужий простір і не втручатися в потік.
nezastavovat|nezastavujte|не останавливаться|не зупинятися|Призыв не прекращать движение в указанном месте.|Заклик не припиняти рух у вказаному місці.
nezbytný|nezbytné nezbytný|необходимый|необхідний|Требуется для указанного действия или безопасности.|Потрібний для вказаної дії чи безпеки.
neznamenat|neznamená|не означать|не означати|Отрицает ошибочное толкование знака.|Заперечує помилкове тлумачення знака.
nezávislý|nezávisle nezávislá|независимый, независимо|незалежний, незалежно|Не зависит от другого названного условия.|Не залежить від іншої названої умови.
nečekaný|nečekaným|неожиданный|неочікуваний|Возникающий без предварительного ожидания.|Такий, що виникає без попереднього очікування.
nečekat|nečekejte|не ждать|не чекати|Призыв не ожидать указанного события или разрешения.|Заклик не очікувати вказаної події чи дозволу.
nečíst|nečtěte|не читать, не трактовать|не читати, не трактувати|Не читать обозначение в ошибочном смысле.|Не читати позначення в помилковому значенні.
neříkat|neříká|не сообщать|не повідомляти|Знак не сообщает названного утверждения.|Знак не повідомляє названого твердження.
než|než|чем, прежде чем|ніж, перш ніж|Сравнение условий или порядок выполнения действий.|Порівняння умов чи порядок виконання дій.
nehnat|nežeňte|не гнать|не гнати|Призыв не ускорять движение чрезмерно.|Заклик не прискорювати рух надмірно.
nic|nic|ничего|нічого|Отрицает наличие какого-либо указанного элемента.|Заперечує наявність будь-якого вказаного елемента.
oni|nich|они, них|вони, них|Ссылается на ранее названные объекты или участников.|Посилається на раніше названі об'єкти чи учасників.
nikdy|nikdy|никогда|ніколи|Исключает действие во всех описанных моментах.|Виключає дію в усі описані моменти.
nikoli|nikoli|не, а не|не, а не|Отрицает ошибочный вариант толкования.|Заперечує помилковий варіант тлумачення.
nižší|nižší|ниже, меньший|нижчий, менший|Сравнительно меньший уровень величины.|Порівняно менший рівень величини.
nouze|nouzi|аварийная ситуация, нужда|аварійна ситуація, потреба|Обстоятельства, требующие помощи или аварийного действия.|Обставини, які потребують допомоги чи аварійної дії.
nouzový|nouzové|аварийный, экстренный|аварійний, екстрений|Предназначен для использования при опасности или неисправности.|Призначений для використання за небезпеки чи несправності.
nový|nová nové nového nový|новый|новий|Появившийся объект или изменённое условие.|Новий об'єкт чи змінена умова.
nucený|nucené|вынужденный|вимушений|Действие, вызванное обстоятельствами, а не свободным выбором.|Дія, зумовлена обставинами, а не вільним вибором.
nutný|nutné nutného nutný nutně|необходимый, обязательно|необхідний, обов'язково|Необходимость названного действия по условию текста.|Необхідність названої дії за умовою тексту.
nábřeží|nábřeží|набережная|набережна|Дорога или пространство вдоль берега воды.|Дорога чи простір уздовж берега води.
náhle|náhle náhlý náhlým náhlými|внезапно, внезапный|раптово, раптовий|Событие возникает резко, без постепенного изменения.|Подія виникає різко, без поступової зміни.
náhradní|náhradní náhradou|заменяющий, запасной, замена|замінний, запасний, заміна|Используется вместо основного варианта.|Використовується замість основного варіанта.
nájezd|nájezd nájezdem nájezdu|въезд, подъезд|в'їзд, під'їзд|Участок подъезда к дороге или сооружению.|Ділянка під'їзду до дороги чи споруди.
náklad|náklad nákladem nákladu náklady|груз, расходы|вантаж, витрати|О перевозимом грузе; náklady также означает расходы.|Про вантаж; náklady також означає витрати.
nákladní|nákladní nákladních nákladního nákladním|грузовой|вантажний|Относится к транспорту для перевозки грузов.|Стосується транспорту для перевезення вантажів.
náledí|náledí|гололедица|ожеледиця|Слой льда на дороге, ухудшающий сцепление.|Шар льоду на дорозі, який погіршує зчеплення.
náležitý|náležitým|надлежащий, соответствующий|належний, відповідний|Действие выполняется подходящим для ситуации способом.|Дію виконують придатним для ситуації способом.
nápis|nápis nápisem nápisu|надпись|напис|Слова или обозначения, нанесённые на знак.|Слова чи позначення, нанесені на знак.
náprava|náprav náprava nápravu|ось транспортного средства|вісь транспортного засобу|Узел с колёсами, учитываемый при осевой нагрузке.|Вузол із колесами, який враховують за осьового навантаження.
národnostní|národnostní|национальный, этнический|національний, етнічний|Здесь о языке национального меньшинства.|Тут про мову національної меншини.
následný|následného následně následující následujícím|последующий, следующий|подальший, наступний|Следует после указанного места или действия.|Іде після вказаного місця чи дії.
návěs|návěsem|полуприцеп|напівпричіп|Прицеп, часть массы которого опирается на тягач.|Причіп, частина маси якого спирається на тягач.
návěst|návěst návěsti návěstí|сигнальное обозначение, указатель|сигнальне позначення, покажчик|Здесь дорожный указатель или предварительное обозначение.|Тут дорожній покажчик чи попереднє позначення.
návěstní|návěstní|указательный, сигнальный|вказівний, сигнальний|Относится к указателю или сигнальному обозначению.|Стосується покажчика чи сигнального позначення.
název|název názvem názvu|название|назва|Название места, улицы или объекта на знаке.|Назва місця, вулиці чи об'єкта на знаку.
nízko|nízko níž|низко, ниже|низько, нижче|О небольшой высоте или более низком положении.|Про малу висоту чи нижче положення.
nízkoemisní|nízkoemisní|низкоэмиссионный|низькоемісійний|Связан с ограничением выбросов транспорта.|Пов'язаний з обмеженням викидів транспорту.
několik|několik|несколько|кілька|Небольшое неопределённое количество объектов.|Невелика невизначена кількість об'єктів.
některý|některých|некоторый, некоторые|деякий, деякі|Часть названной группы, а не вся группа.|Частина названої групи, а не вся група.
o|o|о, об, на|про, щодо, на|Обозначает тему либо величину изменения в описании.|Позначає тему або величину зміни в описі.
oba|oba obou obě oběma|оба, обе|обидва, обидві|Относится сразу к двум названным объектам.|Стосується відразу двох названих об'єктів.
obec|obce obci obec|населённый пункт|населений пункт|В дорожном тексте обозначает населённый пункт.|У дорожньому тексті позначає населений пункт.
obecný|obecná obecné obecného obecný obecných obecným obecnými obecně|общий, в общем|загальний, загалом|О правиле, не ограниченном одним частным случаем.|Про правило, не обмежене одним окремим випадком.
obecní|obecní|муниципальный|муніципальний|Относится к местному самоуправлению населённого пункта.|Стосується місцевого самоврядування населеного пункту.
objekt|objekt objektu|объект|об'єкт|Сооружение или место, обозначенное на дороге.|Споруда чи місце, позначене на дорозі.
objet|objet objetí objetím objeďte objíždějte objíždění|объехать, объезд|об'їхати, об'їзд|Проехать вокруг препятствия, оставаясь на пути движения.|Проїхати навколо перешкоди, залишаючись на шляху руху.
objevit|objevit|обнаружить, появиться|виявити, з'явитися|О появлении объекта или его обнаружении водителем.|Про появу об'єкта чи його виявлення водієм.
objezd|objezd objezdem objezdu|объезд|об'їзд|Проезд вокруг объекта; kruhový objezd — круговое движение.|Проїзд навколо об'єкта; kruhový objezd — кільцевий рух.
objízdný|objízdné objízdný|объездной|об'їзний|О маршруте, обходящем закрытый или непроезжий участок.|Про маршрут, що оминає закриту чи непроїзну ділянку.
objížděný|objížděné|объезжаемый|той, який об'їжджають|Объект, мимо которого проходит объезд.|Об'єкт, повз який проходить об'їзд.
objížďka|objížďce objížďka objížďkou objížďku objížďky|объездной маршрут|об'їзний маршрут|Другой маршрут вместо закрытого участка дороги.|Інший маршрут замість закритої ділянки дороги.
oblast|oblast oblasti|область, район|область, район|Территория, к которой относится обозначение.|Територія, якої стосується позначення.
oblouk|oblouk|дуга, изгиб|дуга, вигин|Изогнутая часть дороги или графического обозначения.|Вигнута частина дороги чи графічного позначення.
obojí|obojí|оба вида, и то и другое|обидва види, і те й інше|Объединяет два ранее названных варианта.|Поєднує два раніше названі варіанти.
obrat|obrat|разворот|розворот|Поворот транспорта для движения в противоположном направлении.|Поворот транспорту для руху в протилежному напрямку.
obrys|obrysem|контур, очертание|контур, обрис|Внешняя граница изображения или формы объекта.|Зовнішня межа зображення чи форми об'єкта.
obrázek|obrázku|рисунок, изображение|малюнок, зображення|Изображение на знаке, уточняющее его значение.|Зображення на знаку, яке уточнює його значення.
obsah|obsah obsahu|содержание|зміст|Информация, передаваемая дорожным обозначением.|Інформація, яку передає дорожнє позначення.
obsazený|obsazeného|занятый|зайнятий|Место, уже используемое другим транспортом.|Місце, вже зайняте іншим транспортом.
obvykle|obvykle|обычно|зазвичай|О типичном случае, без утверждения абсолютного правила.|Про типовий випадок без твердження абсолютного правила.
obytný|obytnou obytná obytné obytných|жилой|житловий|Относится к жилью или обозначенной жилой зоне.|Стосується житла чи позначеної житлової зони.
občerstvení|občerstvení občerstvením|питание, закусочная|харчування, закусочна|Сервисный объект, где можно поесть или выпить.|Сервісний об'єкт, де можна поїсти чи випити.
od|od|от, с|від, з|Начальная точка расстояния, участка или периода.|Початкова точка відстані, ділянки чи періоду.
odbočit|odbočit odbočte|повернуть|повернути|Изменить направление движения на другую дорогу или путь.|Змінити напрямок руху на іншу дорогу чи шлях.
odbočení|odbočení odbočením odbočování|поворот|поворот|Манёвр изменения направления на перекрёстке или съезде.|Маневр зміни напрямку на перехресті чи з'їзді.
odbočovací|odbočovací odbočovacího|для поворота|для повороту|О полосе или участке, предназначенном для поворота.|Про смугу чи ділянку, призначену для повороту.
odbočující|odbočující|поворачивающий|той, що повертає|Участник, выполняющий манёвр поворота.|Учасник, який виконує маневр повороту.
odchod|odchodem|уход, отход|відхід, вихід|Удаление человека из указанного места.|Відхід людини з указаного місця.
oddělený|oddělené odděleném oddělený oddělených oddělenými|отделённый, раздельный|відокремлений, роздільний|Пространства или потоки разделены между собой.|Простори чи потоки розділені між собою.
oddělit|oddělení odděluje|отделить, разделение|відокремити, розділення|Разделить дорожное пространство или потоки движения.|Розділити дорожній простір чи потоки руху.
odjezd|odjezdu|выезд, отправление|виїзд, відправлення|Начало движения из места остановки или объекта.|Початок руху з місця зупинки чи об'єкта.
odlišný|odlišnou odlišná odlišné|иной, отличающийся|інший, відмінний|Не совпадает с названным обозначением или условием.|Не збігається з названим позначенням чи умовою.
odlišovat|odlišuje|отличать|відрізняти|Позволяет различить похожие обозначения.|Дозволяє розрізнити схожі позначення.
odložit|odložte|отложить|відкласти|Перенести выполнение манёвра на другой момент.|Перенести виконання маневру на інший момент.
odlétat|odlétá odlétávající odlétávat|улетать, взлетать|відлітати, злітати|О самолётах, покидающих аэродром возле дороги.|Про літаки, які залишають аеродром біля дороги.
odpovídající|odpovídající|соответствующий|відповідний|Подходит к указанной ситуации или требованию.|Відповідає вказаній ситуації чи вимозі.
odpočinek|odpočinek odpočinku|отдых|відпочинок|Перерыв в поездке для восстановления сил.|Перерва в поїздці для відновлення сил.
odpočívka|odpočívce odpočívkou odpočívku odpočívky|площадка отдыха|майданчик відпочинку|Место у дороги для остановки и отдыха.|Місце біля дороги для зупинки й відпочинку.
odstavení|odstavení|оставление, размещение|залишення, розміщення|Размещение неподвижного транспорта в указанном месте.|Розміщення нерухомого транспорту у вказаному місці.
odstavný|odstavný|для стоянки, резервный|для стоянки, резервний|Предназначен для размещения остановившегося транспорта.|Призначений для розміщення транспорту, що зупинився.
odstup|odstup|дистанция, промежуток|дистанція, проміжок|Расстояние между транспортными средствами.|Відстань між транспортними засобами.
odvozený|odvozená|выведенный, производный|виведений, похідний|Значение, полученное из другого условия.|Значення, отримане з іншої умови.
odůvodnit|odůvodnit|обосновать|обґрунтувати|Показать причину указанного решения или действия.|Показати причину вказаного рішення чи дії.
ohled|ohledu|учёт, внимание|урахування, увага|Принятие во внимание других участников и условий.|Урахування інших учасників та умов.
ohrožení|ohrožení|создание опасности|створення небезпеки|Угроза безопасности другого участника движения.|Загроза безпеці іншого учасника руху.
ohýbat|ohýbá|изгибать, изгибаться|згинати, згинатися|Здесь изменение направления линии или дороги.|Тут зміна напрямку лінії чи дороги.
okamžik|okamžik|момент|момент|Определённый момент дорожной ситуации.|Певний момент дорожньої ситуації.
okamžitý|okamžitou okamžitá okamžité|немедленный, текущий|негайний, поточний|Действие без задержки или состояние в данный момент.|Дія без затримки чи стан у цей момент.
okolnost|okolnosti|обстоятельство|обставина|Условие ситуации, влияющее на действие водителя.|Умова ситуації, яка впливає на дію водія.
okolní|okolní|окружающий|навколишній|О близлежащем пространстве и участниках движения.|Про прилеглий простір та учасників руху.
okolí|okolí|окрестности, окружение|околиці, оточення|Пространство вокруг рассматриваемого места.|Простір навколо розглянутого місця.
okraj|okraj okraje okrajem|край|край|Боковая граница дороги, разметки или знака.|Бічна межа дороги, розмітки чи знака.
okruh|okruh okruhu|кольцо, кольцевой маршрут|кільце, кільцевий маршрут|Маршрут, проходящий вокруг территории или города.|Маршрут, що проходить навколо території чи міста.
okružní|okružní|кольцевой|кільцевий|Относится к маршруту вокруг территории.|Стосується маршруту навколо території.
omezený|omezené omezený|ограниченный|обмежений|Действие или возможность имеют установленные пределы.|Дія чи можливість мають установлені межі.
omezení|omezení omezením|ограничение|обмеження|Условие, сужающее допустимое движение или использование.|Умова, яка звужує допустимий рух чи використання.
omezovat|omezuje|ограничивать|обмежувати|Устанавливать пределы либо создавать помехи движению.|Установлювати межі чи створювати перешкоди руху.
opatrnost|opatrnost|осторожность|обережність|Повышенное внимание к возможной опасности.|Підвищена увага до можливої небезпеки.
opačný|opačné opačného opačném|противоположный|протилежний|Направление или сторона, противоположные названным.|Напрямок чи бік, протилежні названим.
opouštějící|opouštějící|покидающий|той, що залишає|Транспорт, выезжающий из указанного места.|Транспорт, який виїжджає з указаного місця.
opravdový|opravdovým|настоящий, действительный|справжній, дійсний|Реальный объект, отличаемый от похожего изображения.|Реальний об'єкт, який відрізняють від схожого зображення.
opravna|opravna opravnu opravně|ремонтная мастерская|ремонтна майстерня|Место ремонта транспортных средств.|Місце ремонту транспортних засобів.
oprávnění|oprávnění|право, разрешение|право, дозвіл|Основание для выполнения указанного действия.|Підстава для виконання вказаної дії.
optický|optická optické|оптический, зрительный|оптичний, зоровий|Воздействует на визуальное восприятие водителя.|Впливає на зорове сприйняття водія.
opustit|opustit opuštění|покинуть, выехать, покидание|залишити, виїхати, залишення|Удалиться из указанной зоны или участка.|Виїхати з указаної зони чи ділянки.
organizace|organizace|организация|організація|Порядок устройства движения или отвечающая за него структура.|Порядок облаштування руху чи відповідальна структура.
orientace|orientace orientaci|ориентирование|орієнтування|Определение местоположения и нужного направления.|Визначення місцеположення та потрібного напрямку.
orientační|orientační|ориентировочный, указательный|орієнтовний, вказівний|Помогает ориентироваться или задаёт примерный ориентир.|Допомагає орієнтуватися чи задає приблизний орієнтир.
osoba|osob osobu osoby|человек, лицо|людина, особа|Человек как участник движения или пассажир.|Людина як учасник руху чи пасажир.
osobní|osobní osobních osobního osobním|легковой, личный|легковий, особистий|В osobní automobil означает легковой автомобиль.|В osobní automobil означає легковий автомобіль.
ostatní|ostatní ostatních ostatními|остальные, другие|решта, інші|Другие участники или объекты помимо названных.|Інші учасники чи об'єкти крім названих.
ostrý|ostrém|резкий, острый|різкий, гострий|Здесь о резком изгибе или крутом повороте дороги.|Тут про різкий вигин чи крутий поворот дороги.
ostrůvek|ostrůvek|островок|острівець|Выделенный участок дорожного пространства.|Виділена ділянка дорожнього простору.
osvobození|osvobození|освобождение|звільнення|Исключение из названной обязанности или платы.|Виняток із названого обов'язку чи плати.
osvětlení|osvětlení|освещение|освітлення|Свет, освещающий дорогу или транспортное средство.|Світло, що освітлює дорогу чи транспортний засіб.
osvětlit|osvětlit|осветить|освітити|Сделать объект видимым с помощью света.|Зробити об'єкт видимим за допомогою світла.
otevírací|otevírací|время работы, открывающий|час роботи, той, що відкриває|В otevírací doba означает часы работы объекта.|В otevírací doba означає години роботи об'єкта.
otevřít|otevírá otevření|открыть, открытие|відкрити, відкриття|Сделать путь или объект доступным.|Зробити шлях чи об'єкт доступним.
otočení|otočení otočka otáčení|разворот, поворот|розворот, поворот|Изменение направления, в том числе на противоположное.|Зміна напрямку, зокрема на протилежний.
otázka|otázky|вопрос|питання|Вопрос или проверяемое условие в учебном тексте.|Питання чи перевірювана умова в навчальному тексті.
ověřit|ověřte|проверить, убедиться|перевірити, переконатися|Убедиться в фактическом условии перед действием.|Переконатися у фактичній умові перед дією.
oznamovat|oznamuje oznámení|сообщать, сообщение|повідомляти, повідомлення|Знак сообщает о месте, условии или изменении.|Знак повідомляє про місце, умову чи зміну.
označený|označenou označené označeného označeném označený označeným|обозначенный|позначений|Выделен знаком, табличкой или разметкой.|Виділений знаком, табличкою чи розміткою.
označení|označení|обозначение|позначення|Знак, символ или разметка с определённым значением.|Знак, символ чи розмітка з певним значенням.
označník|označník označníku|указатель остановки|покажчик зупинки|Обозначение места остановки общественного транспорта.|Позначення місця зупинки громадського транспорту.
označovat|označuje označují|обозначать|позначати|Указывать названный объект или условие движения.|Указувати названий об'єкт чи умову руху.
očekávat|očekávat očekávejte|ожидать|очікувати|Быть готовым к указанному событию на дороге.|Бути готовим до вказаної події на дорозі.
padající|padající|падающий|той, що падає|О камнях или других предметах, падающих на дорогу.|Про каміння чи інші предмети, які падають на дорогу.
pak|pak|затем, тогда|потім, тоді|Следующее действие или результат указанного условия.|Наступна дія чи результат указаної умови.
palivo|paliva palivo|топливо|паливо|Вещество для работы двигателя транспортного средства.|Речовина для роботи двигуна транспортного засобу.
parkovací|parkovací parkovacím|парковочный|паркувальний|Относится к парковке или устройству оплаты стоянки.|Стосується паркування чи пристрою оплати стоянки.
parkovat|parkovat parkování|парковать, парковка|паркувати, паркування|Разместить транспорт на стоянке.|Розмістити транспорт на стоянці.
parkoviště|parkovišti parkoviště parkovištěm|парковка, стоянка|парковка, стоянка|Место, предназначенное для размещения транспорта.|Місце, призначене для розміщення транспорту.
patřit|patří|относиться, принадлежать|належати, стосуватися|Принадлежность объекта к указанной группе.|Належність об'єкта до вказаної групи.
piktogram|piktogram piktogramy|пиктограмма|піктограма|Условный рисунок, передающий значение без длинного текста.|Умовний малюнок, який передає значення без довгого тексту.
piktogramový|piktogramový|пиктографический|піктографічний|Представлен условным изображением на знаке.|Поданий умовним зображенням на знаку.
placený|placené|платный|платний|За пользование указанным объектом взимается плата.|За користування вказаним об'єктом стягується плата.
plaketa|plaketu|наклейка, экологический знак|наліпка, екологічний знак|Здесь экологическая наклейка транспортного средства.|Тут екологічна наліпка транспортного засобу.
platba|platba platbu|оплата, платёж|оплата, платіж|Уплата суммы за парковку или другую услугу.|Сплата суми за паркування чи іншу послугу.
platit|platit platí|действовать, платить|діяти, платити|О действии правила либо уплате денег по контексту.|Про дію правила або сплату грошей за контекстом.
platnost|platnost platnosti|действие, действительность|дія, чинність|Период или область, где правило применяется.|Період чи область, де правило застосовується.
platný|platné platný platných|действующий, действительный|чинний, дійсний|Применимый к рассматриваемому месту или моменту.|Застосовний до розглянутого місця чи моменту.
plný|plnou plné|полный, сплошной|повний, суцільний|Целиком занятый либо сплошной элемент разметки.|Повністю зайнятий або суцільний елемент розмітки.
plocha|plocha plochou plochu plochy ploše|площадь, поверхность|площа, поверхня|Участок пространства на дороге или парковке.|Ділянка простору на дорозі чи парковці.
plynout|plyne|следовать, вытекать|випливати, слідувати|Указанный вывод следует из правила или обозначения.|Указаний висновок випливає з правила чи позначення.
plynule|plynule|плавно, непрерывно|плавно, безперервно|Движение без резких изменений и ненужных остановок.|Рух без різких змін і зайвих зупинок.
plán|plánem|план, схема|план, схема|Схематическое представление маршрута или движения.|Схематичне зображення маршруту чи руху.
plánovaný|plánovanou|запланированный|запланований|Маршрут или действие, выбранные заранее.|Маршрут чи дія, обрані заздалегідь.
pneumatika|pneumatik pneumatikami|шина|шина|Оболочка колеса, контактирующая с дорогой.|Оболонка колеса, яка контактує з дорогою.
po|po|по, после|по, після|Путь движения либо порядок после названного события.|Шлях руху чи порядок після названої події.
pod|pod|под, ниже|під, нижче|Расположение ниже объекта или значения.|Розташування нижче об'єкта чи значення.
podchod|podchod podchodu|подземный переход|підземний перехід|Пешеходный путь под проезжей частью.|Пішохідний шлях під проїзною частиною.
podle|podle|согласно, по|згідно з, за|Применение указанного правила или признака.|Застосування вказаного правила чи ознаки.
podmínka|podmínek podmínkami podmínky podmínkám|условие|умова|Обстоятельство, от которого зависит применение правила.|Обставина, від якої залежить застосування правила.
podmíněný|podmíněné|обусловленный, условный|зумовлений, умовний|Действует только при наличии названного условия.|Діє лише за наявності названої умови.
podoba|podoba|вид, форма|вигляд, форма|Внешний вид дорожного обозначения.|Зовнішній вигляд дорожнього позначення.
podél|podél|вдоль|уздовж|Направление по длине дороги или объекта.|Напрямок за довжиною дороги чи об'єкта.
podélný|podélná podélné podélného podélný podélně|продольный, вдоль|поздовжній, уздовж|Расположенный по направлению длины дороги.|Розташований за напрямком довжини дороги.
podívat|podívejte|посмотреть|подивитися|Призыв визуально проверить обозначение или ситуацию.|Заклик візуально перевірити позначення чи ситуацію.
pohoří|pohoří|горный массив|гірський масив|Горы как ориентир или цель туристического указателя.|Гори як орієнтир чи ціль туристичного покажчика.
pohyb|pohyb pohybem pohybu|движение|рух|Перемещение участника или транспортного средства.|Переміщення учасника чи транспортного засобу.
pohyblivý|pohyblivý pohyblivým|подвижный|рухомий|Объект или элемент способен перемещаться.|Об'єкт чи елемент здатний переміщуватися.
pohybovat|pohybovat pohybují|двигаться|рухатися|Перемещаться в указанном пространстве.|Переміщуватися у вказаному просторі.
pohybově|pohybově|в отношении подвижности|щодо рухливості|Здесь о способности человека самостоятельно передвигаться.|Тут про здатність людини самостійно пересуватися.
pokračovat|pokračovat pokračování pokračováním pokračuje pokračujte|продолжать, продолжение|продовжувати, продовження|Дальнейшее движение или сохранение действия правила.|Подальший рух чи збереження дії правила.
pokud|pokud|если, при условии|якщо, за умови|Вводит условие выполнения действия.|Уводить умову виконання дії.
pokyn|pokyn pokyny|указание, команда|вказівка, команда|Предписанное действие или указание по движению.|Приписана дія чи вказівка щодо руху.
pole|pole|поле, область|поле, область|Выделенная область на знаке или схеме.|Виділена область на знаку чи схемі.
policie|policie policií|полиция|поліція|Служба, регулирующая движение и обеспечивающая порядок.|Служба, яка регулює рух і забезпечує порядок.
policista|policisty|полицейский|поліцейський|Сотрудник полиции, в том числе регулирующий движение.|Працівник поліції, зокрема той, що регулює рух.
poloha|polohu polohy poloze|положение, расположение|положення, розташування|Местонахождение объекта в дорожном пространстве.|Місцеположення об'єкта в дорожньому просторі.
pomalý|pomaleji pomalu pomalá|медленный, медленно|повільний, повільно|О движении с меньшей скоростью.|Про рух із меншою швидкістю.
pomoc|pomoc pomoci|помощь|допомога|Поддержка при аварии, неисправности или опасности.|Підтримка за аварії, несправності чи небезпеки.
ponechat|ponechte|оставить, сохранить|залишити, зберегти|Не изменять указанное положение или пространство.|Не змінювати вказане положення чи простір.
poplatek|poplatek poplatkem poplatku|сбор, плата|збір, плата|Платёж за пользование дорогой или услугой.|Платіж за користування дорогою чи послугою.
porovnat|porovnejte|сравнить|порівняти|Сопоставить обозначения или условия, чтобы найти различие.|Зіставити позначення чи умови, щоб знайти відмінність.
poryv|poryvy|порыв|порив|Внезапное усиление ветра, влияющее на транспорт.|Раптове посилення вітру, яке впливає на транспорт.
postava|postava|фигура человека|постать людини|Изображение человека в символе знака.|Зображення людини в символі знака.
postavit|postavte|поставить|поставити|Разместить транспорт в указанном положении.|Розмістити транспорт у вказаному положенні.
postižený|postiženou|с ограниченными возможностями|з обмеженими можливостями|Здесь о человеке с ограниченной подвижностью.|Тут про людину з обмеженою рухливістю.
postranní|postranního|боковой|бічний|Расположенный сбоку от основного направления.|Розташований збоку від основного напрямку.
posoudit|posuzuje posuďte|оценить, рассмотреть|оцінити, розглянути|Определить значение или применимость условия.|Визначити значення чи застосовність умови.
potahový|potahové potahových potahovým|гужевой|гужовий|О транспорте, который тянут животные.|Про транспорт, який тягнуть тварини.
potom|potom|потом, затем|потім, далі|Действие после ранее указанного шага.|Дія після раніше вказаного кроку.
potvrdit|potvrzení potvrzuje|подтвердить, подтверждение|підтвердити, підтвердження|Подтверждает ранее сообщённое направление или условие.|Підтверджує раніше повідомлений напрямок чи умову.
potřeba|potřeb potřebu potřeby|потребность, необходимость|потреба, необхідність|То, что требуется для указанного действия.|Те, що потрібне для вказаної дії.
potřebovat|potřebujete potřebujete-li|нуждаться, требоваться|потребувати|Необходимость конкретного средства или действия.|Потреба в конкретному засобі чи дії.
pouhý|pouhé pouhým|лишь, простой|лише, простий|Сам по себе, без дополнительных условий.|Сам собою, без додаткових умов.
pouze|pouze|только, исключительно|лише, виключно|Ограничивает правило названными случаями.|Обмежує правило названими випадками.
použít|použijte použít používat|использовать|використати, використовувати|Применить названное устройство, путь или средство.|Застосувати названий пристрій, шлях чи засіб.
použití|použití|использование|використання|Применение указанного средства или объекта.|Застосування вказаного засобу чи об'єкта.
povinnost|povinnost povinnosti povinností|обязанность|обов'язок|Действие, которое требуется выполнить по правилу.|Дія, яку потрібно виконати за правилом.
povinný|povinné povinnému|обязательный|обов'язковий|Требуемый правилом, а не просто рекомендованный.|Потрібний за правилом, а не лише рекомендований.
povolený|povolen povolena povolenou povolená povolené povolený povoleným|разрешённый|дозволений|Допущенный указанным условием или обозначением.|Допущений указаною умовою чи позначенням.
povolení|povolení povolením|разрешение|дозвіл|Основание, позволяющее выполнить действие.|Підстава, яка дозволяє виконати дію.
povoz|povoz|повозка|віз|Транспортное средство, которое тянут животные.|Транспортний засіб, який тягнуть тварини.
povrch|povrch povrchu|поверхность, покрытие|поверхня, покриття|Верхний слой дороги, с которым контактируют колёса.|Верхній шар дороги, з яким контактують колеса.
pozemní|pozemní|наземный, дорожный|наземний, дорожній|В pozemní komunikace означает дорогу для наземного движения.|У pozemní komunikace означає дорогу для наземного руху.
pozor|pozor|внимание, осторожно|увага, обережно|Краткий призыв обратить внимание на опасность.|Короткий заклик звернути увагу на небезпеку.
pozornost|pozornost pozornosti pozorností pozorně|внимание, внимательно|увага, уважно|Сосредоточенность на дорожной ситуации.|Зосередженість на дорожній ситуації.
pozvání|pozvání|приглашение|запрошення|Здесь образное приглашение к действию, не обязанность.|Тут образне запрошення до дії, не обов'язок.
počasí|počasí|погода|погода|Атмосферные условия, влияющие на движение.|Атмосферні умови, що впливають на рух.
počet|počet počtu|количество, число|кількість, число|Число указанных объектов, полос или участников.|Число вказаних об'єктів, смуг чи учасників.
počáteční|počáteční|начальный|початковий|Относится к началу участка или действия.|Стосується початку ділянки чи дії.
počítat|počítají počítejte počítá|считать, учитывать|рахувати, враховувати|Подсчитать объекты либо ожидать названные обстоятельства.|Порахувати об'єкти чи очікувати названі обставини.
pořadí|pořadí|порядок, очерёдность|порядок, черговість|Последовательность проезда или выполнения действий.|Послідовність проїзду чи виконання дій.
požadovaný|požadovanému|требуемый|потрібний, необхідний|Условие или значение, указанное в требовании.|Умова чи значення, вказані у вимозі.
práce|pracemi práce|работы|роботи|Деятельность на дороге, в том числе ремонтные работы.|Діяльність на дорозі, зокрема ремонтні роботи.
pracovní|pracovní pracovních|рабочий|робочий|Относится к дорожным работам, персоналу или рабочему времени.|Стосується дорожніх робіт, персоналу чи робочого часу.
pracovník|pracovníky|работник|працівник|Человек, выполняющий работы возле дороги.|Людина, яка виконує роботи біля дороги.
práh|prahem práh|порог|поріг|Здесь возвышенный элемент для снижения скорости.|Тут підвищений елемент для зниження швидкості.
pravidlo|pravidel pravidla pravidlem pravidlo pravidly|правило|правило|Установленный порядок поведения в дорожном движении.|Установлений порядок поведінки в дорожньому русі.
pravý|pravého pravý|правый|правий|Сторона относительно направления движения.|Бік відносно напрямку руху.
pro|pro|для|для|Обозначает назначение или группу адресатов знака.|Позначає призначення чи групу адресатів знака.
problém|problém|проблема, затруднение|проблема, утруднення|Обстоятельство, мешающее безопасному движению.|Обставина, яка заважає безпечному руху.
procento|procento|процент|відсоток|Доля из ста; на знаках может обозначать уклон.|Частка зі ста; на знаках може позначати ухил.
profil|profil|профиль, габарит|профіль, габарит|Форма или допустимое пространство для проезда.|Форма чи допустимий простір для проїзду.
projet|projet|проехать|проїхати|Пройти на транспорте через указанный участок.|Пройти транспортом через указану ділянку.
proměnný|proměnné proměnným|переменный, изменяемый|змінний|Обозначение может менять показываемую информацию.|Позначення може змінювати показану інформацію.
prostor|prostor prostoru|пространство|простір|Свободная или выделенная область для движения.|Вільна чи виділена область для руху.
prostranství|prostranství|площадка, открытое пространство|майданчик, відкритий простір|Территория для размещения или перемещения участников.|Територія для розміщення чи пересування учасників.
prostý|prostá prostý|простой, обычный|простий, звичайний|Без добавочного условия или специального значения.|Без додаткової умови чи спеціального значення.
prostředek|prostředek|средство|засіб|В dopravní prostředek означает транспортное средство.|У dopravní prostředek означає транспортний засіб.
prostředí|prostředí|среда, окружение|середовище, оточення|Условия вокруг дороги либо окружающая природная среда.|Умови навколо дороги чи навколишнє природне середовище.
proti|proti|против, навстречу|проти, назустріч|Противоположное направление либо противодействие.|Протилежний напрямок або протидія.
protijedoucí|protijedoucí protijedoucích protijedoucím protijedoucími|встречный|зустрічний|Транспорт, движущийся навстречу по дороге.|Транспорт, який рухається назустріч дорогою.
protijízda|protijízdu|встречное движение|зустрічний рух|Движение в противоположном направлении.|Рух у протилежному напрямку.
protiskluzový|protiskluzovými|противоскользящий|протиковзний|Средство для улучшения сцепления с дорогой.|Засіб для поліпшення зчеплення з дорогою.
protisměr|protisměr protisměru|встречное направление|зустрічний напрямок|Направление, противоположное своему движению.|Напрямок, протилежний власному руху.
protisměrný|protisměrném protisměrný|встречный, противоположный|зустрічний, протилежний|О потоке движения в противоположную сторону.|Про потік руху в протилежний бік.
proto|proto|поэтому|тому|Вводит следствие из описанной дорожной ситуации.|Уводить наслідок з описаної дорожньої ситуації.
provedení|provedení provedením|исполнение, выполнение|виконання|Способ выполнения манёвра или внешний вариант знака.|Спосіб виконання маневру чи зовнішній варіант знака.
provoz|provoz provozem provozu|движение, эксплуатация|рух, експлуатація|Дорожное движение или работа указанного объекта.|Дорожній рух чи робота вказаного об'єкта.
provozní|provozní|эксплуатационный, рабочий|експлуатаційний, робочий|Относится к работе и использованию транспорта или объекта.|Стосується роботи й використання транспорту чи об'єкта.
prudký|prudké|крутой, резкий|крутий, різкий|Здесь о значительном уклоне или резком изменении.|Тут про значний ухил чи різку зміну.
pruh|pruh pruhem pruhu pruhy pruhů|полоса|смуга|В jízdní pruh — полоса для ряда транспортных средств.|У jízdní pruh — смуга для ряду транспортних засобів.
prvek|prvků|элемент|елемент|Отдельная часть знака, разметки или дорожного устройства.|Окрема частина знака, розмітки чи дорожнього пристрою.
první|první|первый|перший|Первый по порядку объект или шаг действия.|Перший за порядком об'єкт чи крок дії.
právní|právní právním|правовой, юридический|правовий, юридичний|Относится к установленным законом правилам.|Стосується встановлених законом правил.
právě|právě|именно, сейчас|саме, зараз|Выделяет точный момент или конкретный объект.|Виділяє точний момент чи конкретний об'єкт.
průběh|průběh|ход, прохождение|перебіг, проходження|Как проходит дорога или развивается ситуация.|Як проходить дорога чи розвивається ситуація.
průběžný|průběžného průběžný průběžně|сквозной, непрерывный|наскрізний, безперервний|Продолжается через рассматриваемый участок.|Продовжується через розглянуту ділянку.
průjezd|průjezd průjezdu|проезд|проїзд|Движение через место без завершения маршрута там.|Рух через місце без завершення маршруту там.
průjezdní|průjezdní|для проезда, транзитный|для проїзду, транзитний|Относится к возможности или пространству сквозного проезда.|Стосується можливості чи простору наскрізного проїзду.
průjezdný|průjezdný|проезжий, доступный для проезда|проїзний, доступний для проїзду|Участок, через который можно проехать.|Ділянка, через яку можна проїхати.
průkaz|průkazem průkazu|удостоверение, документ|посвідчення, документ|Документ, подтверждающий указанное право или статус.|Документ, який підтверджує вказане право чи статус.
psychologický|psychologická|психологический|психологічний|О воздействии разметки на восприятие водителя.|Про вплив розмітки на сприйняття водія.
pár|pár|пара, несколько|пара, кілька|Два объекта либо небольшое количество.|Два об'єкти або невелика кількість.
pás|pás pásu|полоса, полотно|смуга, полотно|Продольная часть дорожного пространства.|Поздовжня частина дорожнього простору.
písmeno|písmeno|буква|літера|Буквенный элемент надписи или обозначения.|Літерний елемент напису чи позначення.
pěšky|pěšky|пешком|пішки|Передвижение без транспортного средства.|Пересування без транспортного засобу.
pěší|pěší|пешеходный|пішохідний|Относится к движению людей пешком.|Стосується руху людей пішки.
přechod|přechod přechodem přechodu|переход|перехід|Здесь обозначенное место пересечения дороги пешеходами.|Тут позначене місце перетину дороги пішоходами.
přecházet|přecházející přecházení přecházením přechází přejděte|переходить, переход|переходити, перехід|Пересекать дорогу пешком или переходить на иной участок.|Перетинати дорогу пішки чи переходити на іншу ділянку.
před|před|перед, до|перед, до|Место впереди объекта или момент до действия.|Місце попереду об'єкта чи момент до дії.
předběžný|předběžnou předběžné předběžným|предварительный|попередній|Информация заранее, до соответствующего места.|Інформація заздалегідь, до відповідного місця.
předchozí|předchozí předchozím předcházejícího|предыдущий, предшествующий|попередній, той, що передує|Объект или условие, находившиеся раньше.|Об'єкт чи умова, які були раніше.
předem|předem|заранее|заздалегідь|До приближения к месту или начала действия.|До наближення до місця чи початку дії.
předepsaný|předepsané|предписанный|приписаний|Указанный обязательным правилом или требованием.|Указаний обов'язковим правилом чи вимогою.
předjíždět|předjíždějte předjíždět|обгонять|обганяти|Проехать мимо транспорта, движущегося в том же направлении.|Проїхати повз транспорт, що рухається в тому самому напрямку.
předjíždění|předjíždění předjížděním|обгон|обгін|Манёвр опережения транспорта, едущего в том же направлении.|Маневр випередження транспорту, який їде в тому самому напрямку.
přednost|přednost přednosti|преимущество, приоритет|перевага, пріоритет|Право проехать раньше другого участника движения.|Право проїхати раніше за іншого учасника руху.
předpis|předpisem předpisu|правило, нормативный акт|правило, нормативний акт|Официальный документ, устанавливающий правила движения.|Офіційний документ, який установлює правила руху.
předvídat|předvídejte|предвидеть|передбачати|Заранее оценивать возможное развитие дорожной ситуации.|Заздалегідь оцінювати можливий розвиток дорожньої ситуації.
přehled|přehled|обзор, представление|огляд, уявлення|Возможность видеть ситуацию и понимать её целиком.|Можливість бачити ситуацію й розуміти її загалом.
přejet|přejet přejetí přejetím přejíždějí|переехать, пересечь|переїхати, перетнути|Пересечение линии или переход транспорта на другой участок.|Перетин лінії чи перехід транспорту на іншу ділянку.
přejezd|přejezd přejezdem přejezdu|переезд|переїзд|Место пересечения дороги с железной дорогой или велопутём.|Місце перетину дороги із залізницею чи велошляхом.
přejezdový|přejezdového|относящийся к переезду|пов'язаний з переїздом|Элемент обозначения или оборудования переезда.|Елемент позначення чи обладнання переїзду.
překročit|překračuje překročit překročí|превысить, пересечь|перевищити, перетнути|Выйти за предел значения или пересечь указанную границу.|Вийти за межу значення чи перетнути вказану межу.
překážka|překážkou překážku překážky|препятствие|перешкода|Объект, мешающий свободному проезду по дороге.|Об'єкт, який заважає вільному проїзду дорогою.
přelet|přelet přeletem|пролёт|проліт|Движение самолёта в воздухе над дорогой.|Рух літака в повітрі над дорогою.
přelétávající|přelétávajícími|пролетающий|той, що пролітає|О самолётах, летящих над рассматриваемым местом.|Про літаки, які летять над розглянутим місцем.
přeměřit|přeměřte|измерить повторно|виміряти повторно|Проверить фактический размер или величину измерением.|Перевірити фактичний розмір чи величину вимірюванням.
přepravník|přepravnících přepravník přepravníku přepravníků|персональный транспортёр|персональний транспортер|Здесь персональное средство передвижения, например сегвей.|Тут персональний засіб пересування, наприклад сегвей.
přeprava|přepravou|перевозка|перевезення|Перемещение людей или груза транспортом.|Переміщення людей чи вантажу транспортом.
přepravující|přepravující přepravujících|перевозящий|той, що перевозить|О транспорте, который перевозит названный груз или людей.|Про транспорт, який перевозить названий вантаж чи людей.
přerušovaný|přerušovanou přerušovaná přerušované přerušovaném přerušovaných|прерывистый|переривчастий|Линия или сигнал состоят из отдельных отрезков либо импульсов.|Лінія чи сигнал складаються з окремих відрізків або імпульсів.
přes|přes|через, свыше|через, понад|Пересечение пространства или превышение величины.|Перетин простору чи перевищення величини.
přesahovat|přesahuje přesahující|превышать, выступать|перевищувати, виступати|Выходить за указанный предел размера или значения.|Виходити за вказану межу розміру чи значення.
přesný|přesný přesně|точный, точно|точний, точно|Соответствует указанному месту или значению без приблизительности.|Відповідає вказаному місцю чи значенню без приблизності.
přestavování|přestavování|перестройка, перенастройка|перебудова, переналаштування|Здесь изменение времени на парковочном диске.|Тут зміна часу на паркувальному диску.
přesto|přesto|тем не менее|попри це|Правило или вывод сохраняется несмотря на названное условие.|Правило чи висновок зберігається попри названу умову.
přestup|přestup|пересадка|пересадка|Переход пассажира на другой транспорт.|Перехід пасажира на інший транспорт.
přestat|přestává|перестать|перестати|Прекращение действия или указанного состояния.|Припинення дії чи вказаного стану.
přesvědčit|přesvědčte|убедиться|переконатися|Проверить ситуацию перед выполнением манёвра.|Перевірити ситуацію перед виконанням маневру.
převoz|převoz|перевоз, паром|перевіз, пором|Здесь переправа транспорта через воду.|Тут переправа транспорту через воду.
přečnívat|přečnívat|выступать за габариты|виступати за габарити|О грузе или части транспорта за его обычными границами.|Про вантаж чи частину транспорту за його звичайними межами.
přečíst|přečtení přečtěte|прочитать, чтение|прочитати, читання|Ознакомиться с надписью или текстом обозначения.|Ознайомитися з написом чи текстом позначення.
přeškrtnutý|přeškrtnutá přeškrtnuté přeškrtnutý|перечёркнутый|перекреслений|Символ пересечён линией, указывающей изменение его действия.|Символ перетнутий лінією, що вказує зміну його дії.
přeškrtnutí|přeškrtnutí|перечёркивание|перекреслення|Линия поперёк символа или обозначения.|Лінія впоперек символу чи позначення.
při|při|при, во время|за, під час|Действие в указанных условиях или одновременно с событием.|Дія за вказаних умов чи одночасно з подією.
přiblížit|přibližujte přiblížení|приблизиться, приближение|наблизитися, наближення|Сокращение расстояния до места или объекта.|Скорочення відстані до місця чи об'єкта.
přicházet|přichází|приходить, наступать|приходити, наставати|Приближение человека или наступление ситуации.|Наближення людини чи настання ситуації.
přidání|přidání|добавление|додавання|Добавочная часть информации или элемент.|Додаткова частина інформації чи елемент.
přijímat|přijímat|принимать|приймати|Здесь возможность приёма информации или сигнала.|Тут можливість приймання інформації чи сигналу.
přijít|přijít|прийти, наступить|прийти, настати|Прибытие или наступление названной ситуации.|Прибуття чи настання названої ситуації.
přijíždějící|přijíždějící|приближающийся, подъезжающий|той, що наближається, під'їжджає|Транспорт, подъезжающий к рассматриваемому месту.|Транспорт, який під'їжджає до розглянутого місця.
přikazovat|přikazuje|предписывать|приписувати|Знак требует выполнить названное действие.|Знак вимагає виконати названу дію.
přikázaný|přikázaného přikázaný přikázán přikázáno|предписанный|приписаний|Установленный знаком обязательный порядок действия.|Установлений знаком обов'язковий порядок дії.
přilnavost|přilnavosti|сцепление|зчеплення|Контакт шин с дорогой, позволяющий управлять автомобилем.|Контакт шин із дорогою, який дозволяє керувати автомобілем.
přimknutý|přimknutý|примыкающий|прилеглий|Расположен вплотную к другому элементу.|Розташований впритул до іншого елемента.
přiměřeně|přiměřeně|соразмерно, соответственно|співмірно, відповідно|Действие с учётом реальных условий движения.|Дія з урахуванням реальних умов руху.
připadající|připadající|приходящийся, относящийся|той, що припадає, належний|Относится к указанному элементу или доле.|Стосується вказаного елемента чи частки.
připojený|připojena připojené připojeným|присоединённый|приєднаний|Объект соединён с другим, например прицеп с автомобилем.|Об'єкт з'єднаний з іншим, наприклад причіп з автомобілем.
připravený|připraveni|готовый|готовий|Водитель готов выполнить названное действие.|Водій готовий виконати названу дію.
připravit|připravte připraví|подготовить, приготовиться|підготувати, приготуватися|Заранее подготовиться к изменению дорожной ситуации.|Заздалегідь підготуватися до зміни дорожньої ситуації.
přizpůsobit|přizpůsobte|приспособить, согласовать|пристосувати, узгодити|Выбрать скорость или действие с учётом условий.|Обрати швидкість чи дію з урахуванням умов.
přídatný|přídatný|дополнительный|додатковий|Добавлен к основному дорожному элементу.|Доданий до основного дорожнього елемента.
příjezd|příjezd příjezdem příjezdu|подъезд, прибытие|під'їзд, прибуття|Движение к объекту или подъездному участку.|Рух до об'єкта чи під'їзної ділянки.
příkaz|příkaz příkazem příkazu|предписание, команда|припис, команда|Требование выполнить указанное действие.|Вимога виконати вказану дію.
příkazový|příkazový příkazových|предписывающий|наказовий|Вид знаков, предписывающих действие или направление.|Вид знаків, які приписують дію чи напрямок.
přímo|přímo|прямо, непосредственно|прямо, безпосередньо|Без поворота или прямо в указанном месте.|Без повороту чи безпосередньо у вказаному місці.
přímý|přímého přímý|прямой|прямий|Без изгиба или промежуточного отклонения.|Без вигину чи проміжного відхилення.
případný|případnou případná případné případný případně|возможный, при необходимости|можливий, за потреби|О событии, которое может возникнуть в данной ситуации.|Про подію, яка може виникнути в цій ситуації.
přípojný|přípojné přípojného přípojným|прицепной|причіпний|О транспорте, присоединённом к тяговому автомобилю.|Про транспорт, приєднаний до тягового автомобіля.
přípustnost|přípustnost|допустимость|допустимість|Возможность действия в рамках установленного условия.|Можливість дії в межах установленої умови.
příroda|přírody|природа|природа|Природная территория или окружающая среда возле дороги.|Природна територія чи довкілля біля дороги.
příslušný|příslušnou příslušného příslušný příslušných příslušným|соответствующий|відповідний|Тот, к которому относится рассматриваемое условие.|Той, якого стосується розглянута умова.
přístup|přístup přístupu|доступ, подход|доступ, підхід|Возможность попасть к объекту или воспользоваться им.|Можливість потрапити до об'єкта чи скористатися ним.
přístupný|přístupné přístupnému|доступный|доступний|Объект допускает подход или использование.|Об'єкт допускає підхід чи використання.
přítomný|přítomen|присутствующий|присутній|Находящийся в рассматриваемом месте.|Той, що перебуває в розглянутому місці.
přítomnost|přítomnost|присутствие, наличие|присутність, наявність|Наличие объекта или участника в данном месте.|Наявність об'єкта чи учасника в цьому місці.
přívěs|přívěsem přívěsu přívěsy|прицеп|причіп|Транспорт, буксируемый другим транспортным средством.|Транспорт, який буксирує інший транспортний засіб.
příčný|příčná|поперечный|поперечний|Расположен поперёк направления движения.|Розташований упоперек напрямку руху.
příští|příští|следующий|наступний|Ближайший последующий объект или момент.|Найближчий подальший об'єкт чи момент.
působnost|působnosti|сфера действия|сфера дії|Область, на которую распространяется правило.|Область, на яку поширюється правило.
působit|působí|действовать, влиять|діяти, впливати|Воздействие обозначения или условия на ситуацию.|Вплив позначення чи умови на ситуацію.
rameno|ramen|ветвь, плечо|гілка, плече|Здесь подходящая к перекрёстку ветвь дороги.|Тут гілка дороги, яка підходить до перехрестя.
reagovat|reagovat|реагировать|реагувати|Изменить действие при изменении ситуации на дороге.|Змінити дію за зміни ситуації на дорозі.
respektovat|respektujte|соблюдать, учитывать|дотримуватися, враховувати|Следовать указанному правилу или учитывать другого участника.|Дотримуватися вказаного правила чи враховувати іншого учасника.
restaurace|restaurace restauraci|ресторан|ресторан|Место питания, обозначенное сервисным знаком.|Місце харчування, позначене сервісним знаком.
režim|režim režimu|режим, порядок|режим, порядок|Установленные условия использования участка дороги.|Установлені умови використання ділянки дороги.
riziko|rizikem riziko|риск|ризик|Возможность возникновения опасной ситуации.|Можливість виникнення небезпечної ситуації.
rovnoběžný|rovnoběžné|параллельный|паралельний|Линии или пути идут рядом в одном направлении.|Лінії чи шляхи йдуть поряд в одному напрямку.
rovný|rovná rovně|прямой, прямо|прямий, прямо|Движение без поворота или ровное направление линии.|Рух без повороту чи прямий напрямок лінії.
rozdíl|rozdíl|разница, отличие|різниця, відмінність|То, чем отличаются обозначения или условия.|Те, чим відрізняються позначення чи умови.
rozdělení|rozdělení|разделение|розділення|Разделение пространства или потоков на отдельные части.|Розділення простору чи потоків на окремі частини.
rozhled|rozhled rozhledem rozhledu|обзор, видимость|огляд, видимість|Возможность видеть дорогу и приближающихся участников.|Можливість бачити дорогу й учасників, що наближаються.
rozhodnout|rozhodněte rozhoduje rozhodují rozhodující|решить, определять|вирішити, визначати|Выбрать действие либо определить применимое условие.|Обрати дію чи визначити застосовну умову.
rozlišení|rozlišení|различение|розрізнення|Распознавание отличий похожих дорожных обозначений.|Розпізнавання відмінностей схожих дорожніх позначень.
rozlišovat|rozlišujte|различать|розрізняти|Замечать различия и не путать похожие обозначения.|Помічати відмінності й не плутати схожі позначення.
rozměr|rozměry rozměrů|размер, габарит|розмір, габарит|Физические размеры транспортного средства.|Фізичні розміри транспортного засобу.
rozpor|rozporu|противоречие|суперечність|Условия или указания не согласуются между собой.|Умови чи вказівки не узгоджуються між собою.
rozsah|rozsah rozsahu|область, объём действия|область, обсяг дії|Границы действия правила или обозначения.|Межі дії правила чи позначення.
rozsvítit|rozsviť rozsvícené rozsvítit|включить свет, зажжённый|увімкнути світло, засвічений|Включение света или светового сигнала.|Увімкнення світла чи світлового сигналу.
rukáv|rukáv|рукав|рукав|Здесь ветроуказатель, показывающий направление ветра.|Тут вітровказівник, який показує напрямок вітру.
ruční|ruční ručních ručního|ручной|ручний|Приводимый или управляемый вручную.|Приведений у дію чи керований вручну.
rušit|ruší|отменять, мешать|скасовувати, заважати|По контексту отмена действия правила либо помеха движению.|За контекстом скасування дії правила чи перешкода руху.
rychlý|rychle rychlé|быстрый, быстро|швидкий, швидко|О высокой скорости движения или быстром действии.|Про високу швидкість руху чи швидку дію.
rychlost|rychlost rychlosti rychlostí|скорость|швидкість|Быстрота движения транспортного средства.|Швидкість руху транспортного засобу.
rychlostní|rychlostní rychlostních rychlostního rychlostním|скоростной|швидкісний|Относится к скорости или скоростной дороге.|Стосується швидкості чи швидкісної дороги.
rámeček|rámečku|рамка|рамка|Обрамление элемента знака или указателя.|Обрамлення елемента знака чи покажчика.
různý|různé|разный, различный|різний|Несколько отличающихся видов или условий.|Кілька відмінних видів чи умов.
s|s|с|з|Совместность, сопровождение или наличие элемента.|Спільність, супровід чи наявність елемента.
sám|sama samo samy sám|сам, сам по себе|сам, сам собою|Без дополнительного участника или другого обозначения.|Без додаткового учасника чи іншого позначення.
samostatný|samostatnou samostatná samostatný samostatným|самостоятельный, отдельный|самостійний, окремий|Не объединён с другим участком или обозначением.|Не поєднаний з іншою ділянкою чи позначенням.
samotný|samotná samotné samotného samotný|сам, один только|сам, сам лише|Названный объект без дополнительных условий.|Названий об'єкт без додаткових умов.
sanitace|sanitaci|санитарное обслуживание|санітарне обслуговування|Здесь обслуживание санитарных систем автодома.|Тут обслуговування санітарних систем автобудинку.
schéma|schéma schématu|схема|схема|Упрощённое изображение дороги или организации движения.|Спрощене зображення дороги чи організації руху.
sdružený|sdruženou sdružený|объединённый|об'єднаний|Совмещает несколько функций или элементов.|Поєднує кілька функцій чи елементів.
sdílet|sdílejí sdílení sdílí|использовать совместно, совместное использование|користуватися спільно, спільне користування|Несколько групп пользуются одним пространством.|Кілька груп користуються одним простором.
sdílený|sdílenou sdílená sdílené sdíleného sdílený|общий, совместно используемый|спільний, спільно використовуваний|Одно пространство предназначено для разных участников.|Один простір призначений для різних учасників.
se|se sebe si sobě|себя, себе, возвратная частица|себе, собі, зворотна частка|Связывает действие с самим участником; часто часть глагола.|Пов'язує дію із самим учасником; часто частина дієслова.
sem|sem|сюда|сюди|Направление к рассматриваемому месту.|Напрямок до розглянутого місця.
semafor|semafor semaforem semaforu|светофор|світлофор|Устройство, регулирующее движение световыми сигналами.|Пристрій, який регулює рух світловими сигналами.
servis|servis|сервис, обслуживание|сервіс, обслуговування|Обслуживание и ремонт транспортного средства.|Обслуговування та ремонт транспортного засобу.
servisní|servisní|сервисный|сервісний|Относится к обслуживанию транспорта или дорожным услугам.|Стосується обслуговування транспорту чи дорожніх послуг.
sesednout|sesedne sesednout sesednutí sesedněte|спешиться, сойти|спішитися, зійти|Сойти с велосипеда или другого средства передвижения.|Зійти з велосипеда чи іншого засобу пересування.
sesunout|sesunout|сдвинуться, обрушиться|зсунутися, обвалитися|О грунте или материале, который может попасть на дорогу.|Про ґрунт чи матеріал, який може потрапити на дорогу.
signalizace|signalizaci signalizací|сигнализация|сигналізація|Система сигналов, управляющих или предупреждающих о движении.|Система сигналів, що керують чи попереджають про рух.
signál|signál signálem signálu signály signálům|сигнал|сигнал|Световое, звуковое или иное указание участникам движения.|Світлова, звукова чи інша вказівка учасникам руху.
signální|signálním signálními|сигнальный|сигнальний|Относится к устройствам подачи сигналов.|Стосується пристроїв подавання сигналів.
silnice|silnice silnici silnicí|дорога, шоссе|дорога, шосе|Дорога для движения транспортных средств.|Дорога для руху транспортних засобів.
silniční|silniční silničních|дорожный|дорожній|Связанный с дорогой и дорожным движением.|Пов'язаний з дорогою й дорожнім рухом.
situace|situace situaci situacích|ситуация|ситуація|Совокупность условий на дороге в данный момент.|Сукупність умов на дорозі в цей момент.
sjezd|sjezd sjezdem sjíždění|съезд|з'їзд|Выезд с дороги или движение вниз по склону.|Виїзд з дороги чи рух униз схилом.
sklon|sklon sklonu|уклон|ухил|Наклон дороги вверх или вниз по ходу движения.|Нахил дороги вгору чи вниз за напрямком руху.
skončit|skončení skončit|закончиться, завершение|закінчитися, завершення|Конец участка, действия обозначения или манёвра.|Кінець ділянки, дії позначення чи маневру.
skupina|skupin skupina skupinou skupiny|группа|група|Совокупность участников или объектов одного вида.|Сукупність учасників чи об'єктів одного виду.
skutečný|skutečnou skutečné skutečného skutečnému skutečný skutečně|фактический, действительно|фактичний, справді|Реальное условие, а не предположение по внешнему виду.|Реальна умова, а не припущення за зовнішнім виглядом.
sledovat|sledujte|следить, наблюдать|стежити, спостерігати|Внимательно наблюдать за знаками и ситуацией.|Уважно спостерігати за знаками й ситуацією.
slepý|slepou slepá|тупиковый, слепой|тупиковий, сліпий|В slepá ulice означает улицу без сквозного проезда.|У slepá ulice означає вулицю без наскрізного проїзду.
sloužit|sloužit slouží|служить, предназначаться|служити, призначатися|Назначение дорожного объекта или обозначения.|Призначення дорожнього об'єкта чи позначення.
slovo|slovo|слово|слово|Отдельное слово в надписи или тексте знака.|Окреме слово в написі чи тексті знака.
složitý|složité|сложный|складний|Ситуация с несколькими взаимосвязанными элементами.|Ситуація з кількома взаємопов'язаними елементами.
služba|služby službám služeb|услуга, служба|послуга, служба|Помощь или сервис, доступные возле дороги.|Допомога чи сервіс, доступні біля дороги.
služebna|služebnu služebně|служебное отделение|службове відділення|Здесь отделение полиции, обозначенное знаком.|Тут відділення поліції, позначене знаком.
smyk|smyku|занос, скольжение|занос, ковзання|Потеря сцепления с отклонением от желаемого движения.|Втрата зчеплення з відхиленням від бажаного руху.
smět|smí smíte smějí|можно, быть разрешённым|можна, бути дозволеним|Выражает разрешение на указанное действие.|Виражає дозвіл на вказану дію.
směr|směr směrech směrem směru směry směrů|направление|напрямок|Сторона, в которую движется транспорт или ведёт указатель.|Бік, у який рухається транспорт чи веде покажчик.
směrový|směrovou směrová směrové směrový|направляющий, указательный|напрямний, вказівний|Указывает направление движения или расположение цели.|Указує напрямок руху чи розташування цілі.
směřovat|směřuje|направляться|прямувати|Движение или указание в определённую сторону.|Рух чи вказівка у певний бік.
snížit|snižte snížení|снизить, уменьшение|знизити, зменшення|Уменьшить скорость или другую указанную величину.|Зменшити швидкість чи іншу вказану величину.
snížený|sníženou snížené|пониженный, уменьшенный|знижений, зменшений|Величина или уровень меньше прежнего.|Величина чи рівень менші за попередні.
sněhový|sněhové|снежный|сніговий|В sněhové řetězy означает цепи противоскольжения.|У sněhové řetězy означає ланцюги протиковзання.
sos|sos|экстренная помощь, СОС|екстрена допомога, СОС|Надпись SOS обозначает связь для вызова помощи.|Напис SOS позначає зв'язок для виклику допомоги.
souběžný|souběžná souběžné|параллельный, совместно идущий|паралельний, суміжний|Пути или потоки идут рядом в одном направлении.|Шляхи чи потоки йдуть поряд в одному напрямку.
souprava|souprav souprava soupravy soupravám|состав, автопоезд|склад, автопоїзд|Соединённые транспортные средства, например автомобиль с прицепом.|З'єднані транспортні засоби, наприклад автомобіль із причепом.
sousední|sousední sousedním|соседний|сусідній|Расположен непосредственно рядом с указанным элементом.|Розташований безпосередньо поряд із вказаним елементом.
sousedit|sousedí|соседствовать, примыкать|сусідити, прилягати|Два участка расположены рядом.|Дві ділянки розташовані поряд.
soustředit|soustředíte-li|сосредоточиться|зосередитися|Направить внимание на важную дорожную информацию.|Спрямувати увагу на важливу дорожню інформацію.
souvislost|souvislosti|связь, взаимосвязь|зв'язок, взаємозв'язок|Связь обозначения с реальной ситуацией или другим правилом.|Зв'язок позначення з реальною ситуацією чи іншим правилом.
souvislý|souvislou souvislá|непрерывный, сплошной|безперервний, суцільний|Линия или участок без разрывов.|Лінія чи ділянка без розривів.
současně|současně|одновременно|одночасно|Условия или действия существуют в один момент.|Умови чи дії існують в один момент.
součást|součástí|составная часть|складова частина|Элемент, входящий в названное целое.|Елемент, який входить до названого цілого.
spadnout|spadnout|упасть|упасти|О предметах или камнях, падающих на дорогу.|Про предмети чи каміння, які падають на дорогу.
specifický|specifický|особый, специфический|особливий, специфічний|Характерен именно для названного случая.|Характерний саме для названого випадку.
splnit|splnit splnění|выполнить, выполнение|виконати, виконання|Соблюсти указанное требование или условие.|Дотриматися вказаної вимоги чи умови.
spodní|spodní|нижний|нижній|Элемент, расположенный внизу знака или схемы.|Елемент, розташований унизу знака чи схеми.
spojit|spojení spojte|соединить, связь|з'єднати, зв'язок|Связать элементы, участки или информацию.|Поєднати елементи, ділянки чи інформацію.
společný|společnou společná společné společný společně|общий, совместный|спільний|Объект или действие для нескольких групп участников.|Об'єкт чи дія для кількох груп учасників.
spolu|spolu|вместе|разом|Совместное движение или рассмотрение нескольких элементов.|Спільний рух чи розгляд кількох елементів.
správný|správnou správné správný|правильный|правильний|Соответствующий значению знака и описанному правилу.|Відповідний значенню знака й описаному правилу.
srovnat|srovnejte|сравнить, сопоставить|порівняти, зіставити|Сопоставить признаки, чтобы различить обозначения.|Зіставити ознаки, щоб розрізнити позначення.
stanice|stanice stanici stanicí|станция|станція|Место обслуживания транспорта или посадки пассажиров.|Місце обслуговування транспорту чи посадки пасажирів.
staničení|staničení|километровая привязка|кілометрова прив'язка|Положение на дороге по расстоянию от начальной точки.|Розташування на дорозі за відстанню від початкової точки.
stanovený|stanovená stanovené stanovenému stanovených|установленный|установлений|Условие или значение, заданные правилом.|Умова чи значення, задані правилом.
stanovit|stanovit|установить, задать|установити, визначити|Задать правило или предельное значение.|Задати правило чи граничне значення.
stanoviště|stanoviště stanovištěm|стоянка, пункт|стоянка, пункт|Выделенное место размещения транспорта или службы.|Виділене місце розміщення транспорту чи служби.
stanový|stanový|палаточный|наметовий|Относится к размещению в палатках.|Стосується розміщення в наметах.
stan|stany|палатка|намет|Временное укрытие на месте отдыха или кемпинга.|Тимчасове укриття на місці відпочинку чи кемпінгу.
starý|staré starého|старый, прежний|старий, колишній|Ранее использовавшийся вариант обозначения.|Раніше використовуваний варіант позначення.
stav|stav stavu|состояние|стан|Фактическое состояние дороги или транспорта.|Фактичний стан дороги чи транспорту.
stavba|stavby|строительство, сооружение|будівництво, споруда|Работы или строительные объекты возле дороги.|Роботи чи будівельні об'єкти біля дороги.
stavební|stavební|строительный|будівельний|Связанный со строительством и строительными работами.|Пов'язаний з будівництвом і будівельними роботами.
stačit|stačit|быть достаточным|бути достатнім|Названного условия достаточно для действия.|Названої умови достатньо для дії.
stejný|stejnou stejná stejné stejný stejně|одинаковый, так же|однаковий, так само|Объекты или условия совпадают по указанному признаку.|Об'єкти чи умови збігаються за вказаною ознакою.
stezka|stezce stezka stezkou stezku stezky|дорожка|доріжка|Выделенный путь для пешеходов или велосипедистов.|Виділений шлях для пішоходів чи велосипедистів.
stk|stk|станция техосмотра|станція техогляду|Чешская аббревиатура stanice technické kontroly.|Чеська абревіатура stanice technické kontroly.
stojící|stojící stojícími|стоящий|той, що стоїть|Транспорт или участник в неподвижном состоянии.|Транспорт чи учасник у нерухомому стані.
stop|stop|стоп|стоп|Надпись на знаке, требующем остановки.|Напис на знаку, який вимагає зупинки.
stopa|stopu|след, траектория|слід, траєкторія|Здесь линия движения колёс или транспорта.|Тут лінія руху коліс чи транспорту.
stoupání|stoupání|подъём|підйом|Участок дороги, повышающийся по ходу движения.|Ділянка дороги, що підвищується за напрямком руху.
strana|stran strana strany straně|сторона|бік, сторона|Одна из сторон дороги, знака или транспорта.|Один із боків дороги, знака чи транспорту.
stroj|stroje strojů|машина, механизм|машина, механізм|Здесь техническое устройство или рабочая машина.|Тут технічний пристрій чи робоча машина.
strop|strop|потолок, верхний предел|стеля, верхня межа|Верхняя граница пространства или разрешённой величины.|Верхня межа простору чи дозволеної величини.
stále|stále|по-прежнему, постоянно|і далі, постійно|Условие продолжает действовать или сохраняется.|Умова продовжує діяти чи зберігається.
stání|stání stáním|стоянка|стоянка|Неподвижное размещение транспорта; отличают от остановки.|Нерухоме розміщення транспорту; відрізняють від зупинки.
stát|stát stůj|стоять, стой|стояти, стій|Неподвижное состояние транспорта или команда остановиться.|Нерухомий стан транспорту чи команда зупинитися.
státní|státní|государственный|державний|Относится к государству или его границе.|Стосується держави чи її кордону.
střecha|střecha střeše|крыша|дах|Верхняя часть кузова или сооружения.|Верхня частина кузова чи споруди.
střed|středu|середина, центр|середина, центр|Центральная часть дороги или обозначенного пространства.|Центральна частина дороги чи позначеного простору.
střídavý|střídavé střídavého střídavě|поочерёдный, попеременно|почерговий, поперемінно|Чередование сигналов или направлений движения.|Чергування сигналів чи напрямків руху.
svah|svah svahu|склон|схил|Наклонная поверхность возле дороги.|Похила поверхня біля дороги.
svislý|svislou svislé svislých|вертикальный|вертикальний|В svislé značky — знаки на опоре, в отличие от разметки.|У svislé značky — знаки на опорі, на відміну від розмітки.
svit|svitu|свет, свечение|світло, світіння|Свет от источника или солнечное освещение.|Світло від джерела чи сонячне освітлення.
svítit|sviťte svícení svícením svítící|светить, включать свет, свечение|світити, вмикати світло, світіння|Работа световых приборов транспортного средства.|Робота світлових приладів транспортного засобу.
svůj|svou své svého svém svému svým svůj|свой|свій|Относится к собственному транспорту или действию участника.|Стосується власного транспорту чи дії учасника.
světlo|světel světla světle světlem světlo|свет, световой прибор|світло, світловий прилад|Освещение автомобиля или световой элемент сигнала.|Освітлення автомобіля чи світловий елемент сигналу.
světelný|světelná světelné světelný|световой|світловий|Относится к свету и световой сигнализации.|Стосується світла та світлової сигналізації.
symbol|symbol symbolem symbolu symboly symbolů|символ|символ|Условное изображение с определённым значением.|Умовне зображення з певним значенням.
systém|systému|система|система|Совокупность связанных устройств или обозначений.|Сукупність пов'язаних пристроїв чи позначень.
síla|sílu|сила|сила|Величина воздействия, например бокового ветра.|Величина впливу, наприклад бічного вітру.
tabule|tabule tabuli tabulích|щит, информационная табличка|щит, інформаційна табличка|Носитель дорожной информации или указаний.|Носій дорожньої інформації чи вказівок.
tabulka|tabulce tabulek tabulka tabulkou tabulku tabulky|табличка|табличка|Небольшой носитель надписи или уточнения к знаку.|Невеликий носій напису чи уточнення до знака.
tady|tady|здесь|тут|В рассматриваемом месте или описанном случае.|У розглянутому місці чи описаному випадку.
tahač|tahač|тягач|тягач|Автомобиль, предназначенный для тяги полуприцепа.|Автомобіль, призначений для тяги напівпричепа.
tak|tak|так, таким образом|так, у такий спосіб|Указанный способ выполнения действия или результат.|Указаний спосіб виконання дії чи результат.
takový|takového|такой|такий|Объект или случай с описанными признаками.|Об'єкт чи випадок з описаними ознаками.
také|také|также|також|Добавляет ещё один объект или условие.|Додає ще один об'єкт чи умову.
taxi|taxi|такси|таксі|Автомобиль службы перевозки пассажиров.|Автомобіль служби перевезення пасажирів.
taxislužba|taxislužby|служба такси|служба таксі|Услуга перевозки пассажиров автомобилями такси.|Послуга перевезення пасажирів автомобілями таксі.
tažný|tažného|тяговый, буксирующий|тяговий, буксирний|О транспорте, который тянет прицеп или другое средство.|Про транспорт, який тягне причіп чи інший засіб.
technický|technické|технический|технічний|Связан с устройством, исправностью или характеристиками транспорта.|Пов'язаний з будовою, справністю чи характеристиками транспорту.
technika|techniku|техника, способ|техніка, спосіб|Оборудование или способ выполнения действия.|Обладнання чи спосіб виконання дії.
tehdy|tehdy|тогда, в тот момент|тоді, у той момент|Время наступления указанного условия.|Час настання вказаної умови.
telefon|telefon|телефон|телефон|Устройство связи, обозначенное сервисным знаком.|Пристрій зв'язку, позначений сервісним знаком.
telefonní|telefonní|телефонный|телефонний|Относится к телефонной связи.|Стосується телефонного зв'язку.
tento|tato tento této tímto|этот, эта|цей, ця|Указывает на рассматриваемый знак или конкретный объект.|Указує на розглянутий знак чи конкретний об'єкт.
teprve|teprve|только после, лишь|лише після, тільки|Подчёркивает, что действие возможно не раньше условия.|Наголошує, що дія можлива не раніше за умову.
text|text textu|текст|текст|Словесная информация на знаке или в описании.|Словесна інформація на знаку чи в описі.
ticho|ticho|тишина|тиша|Отсутствие звукового сигнала или шума.|Відсутність звукового сигналу чи шуму.
tma|tmou|темнота|темрява|Недостаток естественного освещения.|Недостатність природного освітлення.
to|to tohoto tomto tomu toto touto tím|это, то|це, те|Заменяет названное обозначение или описанное условие.|Замінює назване позначення чи описану умову.
totéž|totéž|то же самое|те саме|Совпадение значения или условия с уже названным.|Збіг значення чи умови з уже названими.
traktor|traktory traktorů traktorům|трактор|трактор|Моторная машина для тяги и специальных работ.|Моторна машина для тяги та спеціальних робіт.
tramvaj|tramvaj tramvaje tramvaji tramvají|трамвай|трамвай|Рельсовое транспортное средство городского движения.|Рейковий транспортний засіб міського руху.
tramvajový|tramvajovou tramvajové tramvajového|трамвайный|трамвайний|Относится к трамваю, его пути или полосе.|Стосується трамвая, його колії чи смуги.
tranzit|tranzit|транзит|транзит|Проезд через территорию без цели поездки внутри неё.|Проїзд через територію без мети поїздки всередині неї.
trasa|trasa trase trasu trasy|маршрут|маршрут|Последовательность дорог или направлений к цели.|Послідовність доріг чи напрямків до цілі.
trať|trať|путь, линия|колія, лінія|Здесь железнодорожная или трамвайная линия.|Тут залізнична чи трамвайна лінія.
trojciferný|trojciferné|трёхзначный|тризначний|Число или номер, записанный тремя цифрами.|Число чи номер, записаний трьома цифрами.
trojúhelník|trojúhelník trojúhelníky|треугольник|трикутник|Геометрическая форма знака или элемента разметки.|Геометрична форма знака чи елемента розмітки.
trolejbus|trolejbusu|троллейбус|тролейбус|Электрический автобус, питающийся от контактных проводов.|Електричний автобус, який живиться від контактних дротів.
trolejbusový|trolejbusovou|троллейбусный|тролейбусний|Относится к движению троллейбусов.|Стосується руху тролейбусів.
trubka|trubka|труба, горн|труба, сурма|Здесь изображение звукового сигнала на знаке.|Тут зображення звукового сигналу на знаку.
truckpark|truckpark truckparkem|стоянка грузовиков|стоянка вантажівок|Обозначение парковки и сервиса для грузового транспорта.|Позначення парковки й сервісу для вантажного транспорту.
trvalý|trvale trvalou trvalé|постоянный, постоянно|постійний, постійно|Состояние или действие без временного характера.|Стан чи дія без тимчасового характеру.
tunel|tunel tunelem tunelu tunelů|тоннель|тунель|Закрытый проезд через сооружение или толщу грунта.|Закритий проїзд через споруду чи товщу ґрунту.
tunelový|tunelový|тоннельный|тунельний|Относится к тоннелю и движению в нём.|Стосується тунелю й руху в ньому.
turistický|turistickému turistický|туристический|туристичний|Указатель к достопримечательности или туристическому объекту.|Покажчик до пам'ятки чи туристичного об'єкта.
tvar|tvar tvaru|форма, очертание|форма, обрис|Очертание знака, дороги или её направления на схеме.|Обрис знака, дороги чи її напрямку на схемі.
typ|typ|тип, вид|тип, вид|Разновидность объекта или дорожного обозначения.|Різновид об'єкта чи дорожнього позначення.
tábor|táborem|лагерь|табір|Место размещения туристов, отличаемое от стоянки транспорта.|Місце розміщення туристів, відмінне від стоянки транспорту.
tábořiště|tábořišti tábořiště|место для лагеря|місце для табору|Площадка для размещения палаток и отдыха.|Майданчик для розміщення наметів і відпочинку.
tísňový|tísňového|экстренный, аварийный|екстрений, аварійний|Связь или помощь при опасности и чрезвычайной ситуации.|Зв'язок чи допомога за небезпеки й надзвичайної ситуації.
týkat|týkat týká|касаться, относиться|стосуватися|Указывает объект, к которому применяется условие.|Указує об'єкт, до якого застосовують умову.
těsně|těsně|вплотную, непосредственно|впритул, безпосередньо|Очень небольшое расстояние до места или объекта.|Дуже мала відстань до місця чи об'єкта.
těžce|těžce|тяжело, серьёзно|тяжко, серйозно|Степень ограничения подвижности или другого состояния.|Ступінь обмеження рухливості чи іншого стану.
těžký|těžké těžkých|тяжёлый|важкий|О большой массе транспорта или груза.|Про велику масу транспорту чи вантажу.
třeba|třeba|нужно, например|потрібно, наприклад|По контексту необходимость действия или пример.|За контекстом потреба в дії чи приклад.
tři|třemi tři|три|три|Количество объектов в обозначении или ситуации.|Кількість об'єктів у позначенні чи ситуації.
třída|třídu|класс, категория|клас, категорія|Категория дороги или транспортного средства.|Категорія дороги чи транспортного засобу.
u|u|у, возле|біля, коло|Близкое расположение к указанному объекту.|Близьке розташування до вказаного об'єкта.
ubytování|ubytování|проживание, размещение|проживання, розміщення|Услуга ночлега, обозначенная сервисным знаком.|Послуга ночівлі, позначена сервісним знаком.
udržovat|udržovat|поддерживать, сохранять|підтримувати, зберігати|Сохранять указанную скорость, дистанцию или состояние.|Зберігати вказану швидкість, дистанцію чи стан.
udávat|udávají udávající udává|указывать, сообщать|указувати, повідомляти|Знак сообщает величину, направление или условие.|Знак повідомляє величину, напрямок чи умову.
ujistit|ujistěte|убедиться|переконатися|Проверить указанное условие перед действием.|Перевірити вказану умову перед дією.
ukazatel|ukazatel ukazatelem|указатель|покажчик|Обозначение направления, расстояния или расположения объекта.|Позначення напрямку, відстані чи розташування об'єкта.
ukázat|ukazuje ukazují ukázat ukáže|показать, указывать|показати, вказувати|Изображение сообщает названное направление или значение.|Зображення повідомляє названий напрямок чи значення.
ukládat|ukládají-li ukládá|предписывать, возлагать|приписувати, покладати|Устанавливать обязанность участника движения.|Установлювати обов'язок учасника руху.
ukončit|ukončení ukončuje|завершить, прекращение|завершити, припинення|Закончить участок или действие правила.|Завершити ділянку чи дію правила.
ulice|ulice ulici|улица|вулиця|Дорога внутри населённого пункта.|Дорога всередині населеного пункту.
uliční|uliční|уличный|вуличний|Относится к улице и её обозначению.|Стосується вулиці та її позначення.
uložený|uložený|установленный, размещённый|установлений, розміщений|Заданная обязанность или размещённый предмет по контексту.|Заданий обов'язок чи розміщений предмет за контекстом.
umisťovat|umisťuje|размещать|розміщувати|Расположить знак или объект в определённом месте.|Розташувати знак чи об'єкт у певному місці.
umožnit|umožněte|позволить, обеспечить|дозволити, забезпечити|Дать другому участнику возможность выполнить действие.|Дати іншому учаснику можливість виконати дію.
umístěný|umístěna umístěných|расположенный|розташований|Объект находится в указанном месте.|Об'єкт перебуває у вказаному місці.
umístit|umístěte|разместить|розмістити|Расположить транспорт или предмет в указанном месте.|Розташувати транспорт чи предмет у вказаному місці.
umělý|uměle umělou umělý|искусственный|штучний|Созданный человеком, например неровность для снижения скорости.|Створений людиною, наприклад нерівність для зниження швидкості.
univerzální|univerzální|универсальный|універсальний|Не ограничен одной названной разновидностью случая.|Не обмежений одним названим різновидом випадку.
upozornění|upozornění|предупреждение|попередження|Информация о возможной опасности или важном условии.|Інформація про можливу небезпеку чи важливу умову.
upozorňovat|upozorňuje upozorňují|предупреждать, обращать внимание|попереджати, звертати увагу|Знак привлекает внимание к названной ситуации.|Знак привертає увагу до названої ситуації.
upravit|upravte upravuje upravující upravujících|регулировать, скорректировать|регулювати, скоригувати|Задать порядок движения или изменить действие под условия.|Задати порядок руху чи змінити дію відповідно до умов.
uprostřed|uprostřed|посередине|посередині|Расположение в центральной части пространства.|Розташування в центральній частині простору.
upřesnit|upřesnilo upřesnit upřesňuje upřesňují|уточнить|уточнити|Сделать значение знака или условие более конкретным.|Зробити значення знака чи умову конкретнішими.
určený|určenou určené určený určených určeným|предназначенный, установленный|призначений, визначений|Назначенный для названного использования или группы.|Призначений для названого використання чи групи.
určení|určení|назначение, определение|призначення, визначення|Установление значения, роли или адресата обозначения.|Установлення значення, ролі чи адресата позначення.
určit|určete určuje určující|определить, устанавливать|визначити, установлювати|Определить применимое значение или условие.|Визначити застосовне значення чи умову.
určitý|určitého určitých|определённый|певний, визначений|Конкретный вид или случай из возможных.|Конкретний вид чи випадок із можливих.
uspořádání|uspořádání uspořádáním|расположение, организация|розташування, організація|Порядок размещения полос, дорог или обозначений.|Порядок розміщення смуг, доріг чи позначень.
uvedený|uveden uvedenou uvedená uvedené uvedeném uvedenému uvedený uvedeným|указанный, приведённый|указаний, наведений|Написанный или показанный на знаке либо в тексте.|Написаний чи показаний на знаку або в тексті.
uvnitř|uvnitř|внутри|усередині|Расположение в пределах зоны или объекта.|Розташування в межах зони чи об'єкта.
uvádět|uvádí uvádějí uvádět|указывать, приводить|указувати, наводити|Сообщать данные в надписи или описании.|Повідомляти дані в написі чи описі.
uzavírka|uzavírku|перекрытие дороги|перекриття дороги|Закрытый для движения участок, требующий другого маршрута.|Закрита для руху ділянка, що потребує іншого маршруту.
uzavírat|uzavírá|закрывать, перекрывать|закривати, перекривати|Прекращать доступ или проезд на участок.|Припиняти доступ чи проїзд на ділянку.
uzavřený|uzavřena uzavřeného uzavřený|закрытый, перекрытый|закритий, перекритий|Участок или объект недоступен для указанного движения.|Ділянка чи об'єкт недоступні для вказаного руху.
uzpůsobený|uzpůsobené|приспособленный|пристосований|Подготовленный для конкретного использования.|Підготовлений для конкретного використання.
už|už|уже|уже|Условие или состояние наступило к данному моменту.|Умова чи стан настали на цей момент.
užití|užití užívání|использование|використання|Применение дороги, средства или обозначения.|Застосування дороги, засобу чи позначення.
uživatel|uživatele|пользователь|користувач|Участник, пользующийся указанным путём или объектом.|Учасник, який користується вказаним шляхом чи об'єктом.
užít|užít užívat užívá|использовать|використати, користуватися|Пользоваться названным средством или пространством.|Користуватися названим засобом чи простором.
užívaný|užívaný|используемый|використовуваний|Объект, которым пользуются в указанной ситуации.|Об'єкт, яким користуються у вказаній ситуації.
v|v ve|в|у, в|Указывает место или условия нахождения объекта.|Указує місце чи умови перебування об'єкта.
varianta|variantu|вариант|варіант|Один из возможных видов обозначения или действий.|Один із можливих видів позначення чи дій.
varovný|varovný|предупреждающий|попереджувальний|Привлекает внимание к возможной опасности.|Привертає увагу до можливої небезпеки.
varování|varování|предупреждение|попередження|Сообщение о возможной опасности на дороге.|Повідомлення про можливу небезпеку на дорозі.
varovat|varuje|предупреждать|попереджати|Знак сообщает о возможной опасной ситуации.|Знак повідомляє про можливу небезпечну ситуацію.
váš|vaše vašeho vaši vaší vaším vám vás váš|ваш, вам, вас|ваш, вам, вас|Обращение к водителю и его транспортному средству.|Звернення до водія та його транспортного засобу.
vběhnout|vběhnout|вбежать|вбігти|Быстро выйти на дорогу бегом.|Швидко вийти на дорогу бігом.
vést|vede vedou veďte vést|вести, направлять|вести, спрямовувати|Направлять движение либо указывать, куда проходит путь.|Спрямовувати рух чи вказувати, куди проходить шлях.
vedení|vedení|направление, трассировка|напрямлення, трасування|Как проложена дорога или организован путь движения.|Як прокладена дорога чи організований шлях руху.
vedle|vedle|рядом, возле|поряд, біля|Близкое положение сбоку от указанного объекта.|Близьке положення збоку від указаного об'єкта.
vedlejší|vedlejší|второстепенный, боковой|другорядний, бічний|В vedlejší silnice означает второстепенную дорогу.|У vedlejší silnice означає другорядну дорогу.
veřejný|veřejnou veřejné veřejného veřejný veřejně|общественный, публичный|громадський, публічний|Доступный населению либо относящийся к общественным службам.|Доступний населенню чи пов'язаний із громадськими службами.
vhodný|vhodné|подходящий|відповідний, придатний|Соответствует реальной ситуации и цели действия.|Відповідає реальній ситуації та меті дії.
viditelnost|viditelnost viditelnosti|видимость|видимість|Возможность видеть дорогу, объекты и участников.|Можливість бачити дорогу, об'єкти й учасників.
viditelně|viditelně|видимо, на видном месте|видимо, на видному місці|Так, чтобы обозначение можно было увидеть.|Так, щоб позначення можна було побачити.
vidět|vidět|видеть|бачити|Воспринимать дорожную ситуацию зрением.|Сприймати дорожню ситуацію зором.
vjet|vjelo vjet vjetí vjíždějte vjíždějí|въехать|в'їхати|Попасть транспортом на дорогу или в указанную зону.|Потрапити транспортом на дорогу чи до вказаної зони.
vjezd|vjezd vjezdem vjezdu|въезд|в'їзд|Место или действие въезда транспорта.|Місце чи дія в'їзду транспорту.
vjíždějící|vjíždějící|въезжающий|той, що в'їжджає|Участник, который въезжает на рассматриваемый участок.|Учасник, який в'їжджає на розглянуту ділянку.
vlak|vlak vlaku vlaky vlaků|поезд|поїзд|Железнодорожный состав, в том числе возле переезда.|Залізничний склад, зокрема біля переїзду.
vlastní|vlastní|собственный, сам|власний, сам|Принадлежащий участнику либо сам рассматриваемый объект.|Належний учаснику або сам розглянутий об'єкт.
vlevo|vlevo|налево, слева|ліворуч, зліва|Левая сторона относительно направления движения.|Лівий бік відносно напрямку руху.
vložený|vložená vložené vloženého|вставленный, включённый|вставлений, включений|Добавленный внутрь другого обозначения элемент.|Доданий усередину іншого позначення елемент.
vnímat|vnímejte|воспринимать, учитывать|сприймати, враховувати|Замечать информацию и учитывать её смысл.|Помічати інформацію та враховувати її значення.
voda|voda vodu|вода|вода|Водоём, вода на дороге либо ресурс сервисного объекта.|Водойма, вода на дорозі чи ресурс сервісного об'єкта.
vodicí|vodicí|направляющий|напрямний|Элемент, помогающий выдержать направление движения.|Елемент, який допомагає витримати напрямок руху.
vodní|vodní|водный|водний|Относится к воде или водным объектам.|Стосується води чи водних об'єктів.
vodorovný|vodorovnou vodorovné|горизонтальный|горизонтальний|В vodorovné značení означает разметку на поверхности дороги.|У vodorovné značení означає розмітку на поверхні дороги.
volba|volbou|выбор|вибір|Выбор подходящего направления или действия.|Вибір відповідного напрямку чи дії.
volno|volno|свободно, разрешение ехать|вільно, дозвіл їхати|Состояние свободного места или разрешающий сигнал по контексту.|Стан вільного місця чи дозвільний сигнал за контекстом.
volný|volná volné volného volný volně|свободный, свободно|вільний, вільно|Пространство не занято либо действие не ограничено условием.|Простір не зайнятий чи дію не обмежено умовою.
volit|volte volíte|выбирать|обирати|Определить подходящий вариант движения.|Визначити відповідний варіант руху.
volání|volání|вызов, звонок|виклик, дзвінок|Обращение за помощью через средство связи.|Звернення по допомогу через засіб зв'язку.
vozovka|vozovce vozovka vozovku vozovky|проезжая часть|проїзна частина|Часть дороги, предназначенная прежде всего для движения транспорта.|Частина дороги, призначена насамперед для руху транспорту.
vozík|vozík vozíku vozíky vozíků|тележка, кресло-коляска|візок, крісло колісне|По контексту небольшой колёсный объект либо средство мобильности.|За контекстом малий колісний об'єкт чи засіб мобільності.
vpravo|vpravo|направо, справа|праворуч, справа|Правая сторона относительно направления движения.|Правий бік відносно напрямку руху.
vpředu|vpředu|впереди|попереду|Расположение перед транспортом по направлению движения.|Розташування перед транспортом за напрямком руху.
vstup|vstup vstupu|вход|вхід|Попадание пешком в указанное пространство.|Потрапляння пішки до вказаного простору.
vybavený|vybavené vybavený|оборудованный|обладнаний|Имеет указанное устройство или оснащение.|Має вказаний пристрій чи оснащення.
vybavení|vybavení|оборудование, оснащение|обладнання, оснащення|Устройства и средства, которыми оснащён транспорт.|Пристрої та засоби, якими оснащений транспорт.
vyhnout|vyhnout vyhnutí|уклониться, избежать, разъехаться|ухилитися, уникнути, розминутися|Обойти опасность либо обеспечить разъезд транспорта.|Обійти небезпеку чи забезпечити роз'їзд транспорту.
vyhrazený|vyhrazena vyhrazeno vyhrazené vyhrazeného vyhrazený|зарезервированный, выделенный|зарезервований, виділений|Предназначен для указанной группы или использования.|Призначений для вказаної групи чи використання.
vyhrazení|vyhrazení|выделение, резервирование|виділення, резервування|Закрепление пространства за определённым использованием.|Закріплення простору за певним використанням.
vyjadřovat|vyjadřuje vyjádřený|выражать, выраженный|виражати, виражений|Передавать значение знаком или надписью.|Передавати значення знаком чи написом.
vyložení|vyložení|выгрузка|вивантаження|Удаление груза из транспортного средства.|Видалення вантажу з транспортного засобу.
vymezený|vymezený vymezeným|ограниченный, выделенный|обмежений, виділений|Пространство с обозначенными границами.|Простір із позначеними межами.
vymezit|vymezit vymezuje|определить границы|визначити межі|Установить пределы участка или условия.|Установити межі ділянки чи умови.
vyobrazený|vyobrazeného vyobrazený vyobrazeným|изображённый|зображений|Показан на рисунке дорожного знака.|Показаний на малюнку дорожнього знака.
vyplývající|vyplývající|вытекающий, следующий|той, що випливає|Вывод или обязанность, следующие из указанного условия.|Висновок чи обов'язок, що випливають з указаної умови.
vysazení|vysazení|высадка|висадка|Выход пассажиров из транспорта.|Вихід пасажирів із транспорту.
vyskytovat|vyskytují|встречаться, появляться|траплятися, з'являтися|Объекты или события бывают в указанном месте.|Об'єкти чи події трапляються у вказаному місці.
vystoupení|vystoupení|выход, высадка|вихід, висадка|Выход пассажира из транспортного средства.|Вихід пасажира з транспортного засобу.
vystupující|vystupující|выходящий|той, що виходить|Пассажир, покидающий транспорт.|Пасажир, який залишає транспорт.
vytlačit|vytlačit|вытеснить|витіснити|Заставить другого участника сместиться из своего пространства.|Змусити іншого учасника зміститися зі свого простору.
vytvořený|vytvořen vytvořený|созданный|створений|Объект, специально устроенный на дороге.|Об'єкт, спеціально облаштований на дорозі.
využít|využijte|воспользоваться|скористатися|Применить доступную возможность или дорожную услугу.|Використати доступну можливість чи дорожню послугу.
vyvést|vyvést|вывести|вивести|Направить транспорт из одного пространства в другое.|Спрямувати транспорт з одного простору до іншого.
vyznačený|vyznačen vyznačena vyznačenou vyznačená vyznačené vyznačeného vyznačeném vyznačenému vyznačený vyznačených vyznačeným vyznačenými|обозначенный, размеченный|позначений, розмічений|Выделен знаком или дорожной разметкой.|Виділений знаком чи дорожньою розміткою.
vyznačení|vyznačení|обозначение, нанесение разметки|позначення, нанесення розмітки|Указание границ или значения дорожного пространства.|Указання меж чи значення дорожнього простору.
vyznačovat|vyznačuje vyznačují|обозначать, размечать|позначати, розмічати|Знак или разметка выделяют названное место.|Знак чи розмітка виділяють назване місце.
vyčkat|vyčkejte|подождать|почекати|Призыв дождаться подходящего условия для действия.|Заклик дочекатися відповідної умови для дії.
vyšší|vyšším|более высокий|вищий|Сравнительно больший уровень или значение.|Порівняно більший рівень чи значення.
vyžadovat|vyžaduje vyžaduje-li vyžadující|требовать|вимагати|Ситуация или правило требуют указанного действия.|Ситуація чи правило потребують указаної дії.
vzdálenost|vzdálenost vzdálenosti vzdálenostmi vzdáleností|расстояние|відстань|Промежуток между местами или участниками движения.|Проміжок між місцями чи учасниками руху.
vzdálený|vzdálenému vzdálenějším|удалённый, более дальний|віддалений, дальший|Объект находится на расстоянии от рассматриваемого места.|Об'єкт перебуває на відстані від розглянутого місця.
vztahovat|vztahuje vztáhněte|относиться, распространяться|стосуватися, поширюватися|Применимость правила к конкретному случаю или группе.|Застосовність правила до конкретного випадку чи групи.
vázaný|vázáni|связанный, обязанный|пов'язаний, зобов'язаний|Участник должен учитывать указанное ограничение.|Учасник має враховувати вказане обмеження.
vázat|váže|связывать|пов'язувати|Здесь связь действия знака с конкретным условием.|Тут зв'язок дії знака з конкретною умовою.
vážit|váží|весить|важити|Иметь указанную массу.|Мати вказану масу.
více|více|больше|більше|Большая величина или количество в сравнении.|Більша величина чи кількість у порівнянні.
vícekolejný|vícekolejný|многопутный|багатоколійний|Железная дорога с несколькими путями.|Залізниця з кількома коліями.
vítr|vítr větru|ветер|вітер|Движение воздуха, способное влиять на устойчивость транспорта.|Рух повітря, здатний впливати на стійкість транспорту.
výbava|výbava výbavy|оснащение|оснащення|Оборудование, которым располагает транспорт.|Обладнання, яке має транспорт.
výhled|výhledu|обзор, вид|огляд, вид|Видимое пространство впереди или вокруг участника.|Видимий простір попереду чи навколо учасника.
výjezd|výjezd výjezdu|выезд|виїзд|Место или действие выезда с дороги либо территории.|Місце чи дія виїзду з дороги або території.
výjezdový|výjezdového|выездной|виїзний|Относится к участку выезда с дороги.|Стосується ділянки виїзду з дороги.
výjimka|výjimka výjimkami výjimkou výjimku výjimky|исключение|виняток|Случай, к которому общее правило применяется иначе.|Випадок, до якого загальне правило застосовують інакше.
výmol|výmoly|выбоина|вибоїна|Углубление в дорожном покрытии.|Заглиблення в дорожньому покритті.
výrazně|výrazně|заметно, существенно|помітно, суттєво|Выраженная степень изменения или различия.|Виражений ступінь зміни чи відмінності.
výskyt|výskytem|наличие, появление|наявність, поява|Появление животных, объектов или опасности в данном месте.|Поява тварин, об'єктів чи небезпеки в цьому місці.
výstraha|výstraha výstrahou výstrahu výstrahy|предупреждение об опасности|попередження про небезпеку|Сообщение о возможной опасности на дороге.|Повідомлення про можливу небезпеку на дорозі.
výstražný|výstražná výstražné výstražného výstražný výstražných výstražným|предупреждающий|попереджувальний|Привлекает внимание к возможной опасности.|Привертає увагу до можливої небезпеки.
výstup|výstupu|выход|вихід|Выход человека из объекта или транспорта.|Вихід людини з об'єкта чи транспорту.
výtluk|výtluky|выбоина|вибоїна|Повреждение покрытия с углублением на дороге.|Пошкодження покриття із заглибленням на дорозі.
význam|význam|значение, смысл|значення, зміст|Информация и правило, передаваемые знаком.|Інформація й правило, які передає знак.
výška|výška výšku|высота|висота|Вертикальный размер транспорта или свободного проезда.|Вертикальний розмір транспорту чи вільного проїзду.
výškový|výškové|высотный|висотний|Относится к высоте и ограничению вертикального габарита.|Стосується висоти й обмеження вертикального габариту.
včas|včas|вовремя, заблаговременно|вчасно, завчасно|Действие выполняется до наступления опасного момента.|Дію виконують до настання небезпечного моменту.
včetně|včetně|включая|включно з|Добавляет названный объект к действию условия.|Додає названий об'єкт до дії умови.
věnovat|věnujte|уделить, посвятить|приділити, присвятити|Здесь призыв обратить внимание на дорожное условие.|Тут заклик приділити увагу дорожній умові.
větev|větev|ветвь, ответвление|гілка, відгалуження|Здесь ответвление дороги на схеме перекрёстка.|Тут відгалуження дороги на схемі перехрестя.
větrný|větrný|ветреный|вітряний|Участок, где на транспорт может воздействовать ветер.|Ділянка, де на транспорт може впливати вітер.
větší|větší|больший|більший|Больший размер или величина в сравнении.|Більший розмір чи величина в порівнянні.
všechen|všech všechna všechny všem|весь, все|весь, усі|Относится ко всей указанной группе без пропусков.|Стосується всієї вказаної групи без пропусків.
všímat|všímejte|замечать, обращать внимание|помічати, звертати увагу|Призыв заметить важный признак или обозначение.|Заклик помітити важливу ознаку чи позначення.
vůči|vůči|по отношению к|щодо, стосовно|Связь действия с другим участником или объектом.|Зв'язок дії з іншим учасником чи об'єктом.
vždy|vždy|всегда|завжди|Условие применяется во всех названных случаях.|Умова застосовується в усіх названих випадках.
wc|wc|туалет|туалет|Международная надпись на знаке санитарных удобств.|Міжнародний напис на знаку санітарних зручностей.
z|z ze|из, с|з, із|Исходная точка, происхождение или принадлежность.|Початкова точка, походження чи належність.
za|za|за, при|за, під час|Положение позади либо действие в названных условиях.|Положення позаду чи дія за названих умов.
zabezpečení|zabezpečení|защита, обеспечение безопасности|захист, забезпечення безпеки|Устройства или меры для безопасности движения.|Пристрої чи заходи для безпеки руху.
zabezpečovací|zabezpečovacího|защитный, обеспечивающий безопасность|захисний, для забезпечення безпеки|Здесь об оборудовании железнодорожного переезда.|Тут про обладнання залізничного переїзду.
zablokování|zablokování|блокирование|блокування|Создание препятствия свободному движению.|Створення перешкоди вільному руху.
zahajovat|zahajuje|начинать|починати|Начало действия правила или участка.|Початок дії правила чи ділянки.
zahrnovat|zahrnuje|включать, охватывать|включати, охоплювати|Условие относится и к названным элементам.|Умова стосується також названих елементів.
zakazovat|zakazuje|запрещать|забороняти|Знак не допускает указанного действия.|Знак не допускає вказаної дії.
zakázaný|zakázané zakázaného zakázanému zakázaný zakázaným zakázán|запрещённый|заборонений|Действие, которое не допускается указанным правилом.|Дія, яку не допускає вказане правило.
zamýšlený|zamýšlený|намеченный, предполагаемый|запланований, передбачуваний|Манёвр или маршрут, выбранные водителем.|Маневр чи маршрут, обрані водієм.
zaparkovat|zaparkuje zaparkujte|припарковать|припаркувати|Разместить транспорт на месте стоянки.|Розмістити транспорт на місці стоянки.
zapnout|zapněte|включить|увімкнути|Привести в действие свет или указанное устройство.|Увімкнути світло чи вказаний пристрій.
zastavený|zastaven|остановленный|зупинений|Транспорт прекратил движение.|Транспорт припинив рух.
zastavení|zastavení zastavením|остановка|зупинка|Прекращение движения; смысл зависит от описанного условия.|Припинення руху; значення залежить від описаної умови.
zastavit|zastavit zastavte|остановить, остановиться|зупинити, зупинитися|Прекратить движение транспортного средства.|Припинити рух транспортного засобу.
zastávka|zastávce zastávka zastávku zastávky|остановка транспорта|зупинка транспорту|Место посадки и высадки пассажиров маршрутного транспорта.|Місце посадки й висадки пасажирів маршрутного транспорту.
zatáčka|zatáčce zatáčka zatáčkou zatáčku zatáčky|поворот, изгиб дороги|поворот, вигин дороги|Участок, на котором дорога меняет направление.|Ділянка, на якій дорога змінює напрямок.
zatím|zatím|пока|поки|До указанного момента или изменения условия.|До вказаного моменту чи зміни умови.
zatížení|zatížení|нагрузка|навантаження|Масса, приходящаяся на ось или дорожную конструкцию.|Маса, що припадає на вісь чи дорожню конструкцію.
začátek|začátek začátkem začátku|начало|початок|Место начала участка или действия правила.|Місце початку ділянки чи дії правила.
zařadit|zařadit zařaďte|перестроиться, включить|перелаштуватися, увімкнути|Занять нужную полосу либо выбрать передачу по контексту.|Зайняти потрібну смугу чи обрати передачу за контекстом.
zařazení|zařazení|перестроение, включение|перелаштування, увімкнення|Вход в полосу или поток, либо выбор передачи.|Вхід у смугу чи потік або вибір передачі.
zařízení|zařízení|устройство, оборудование|пристрій, обладнання|Техническое средство или оснащённый сервисный объект.|Технічний засіб чи обладнаний сервісний об'єкт.
zcela|zcela|полностью|повністю|Относится к объекту или действию целиком.|Стосується об'єкта чи дії повністю.
zda|zda|ли, действительно ли|чи, чи справді|Вводит проверяемое условие или вопрос.|Уводить перевірювану умову чи запитання.
zde|zde|здесь|тут|В указанном месте или рассматриваемом случае.|У вказаному місці чи розглянутому випадку.
zejména|zejména|особенно, прежде всего|особливо, насамперед|Выделяет важную часть из названной группы.|Виділяє важливу частину з названої групи.
zelený|zelená zelené zelený zeleným|зелёный|зелений|Цвет сигнала или элемента обозначения.|Колір сигналу чи елемента позначення.
zemina|zeminou|грунт, земля|ґрунт, земля|Материал, способный попасть на поверхность дороги.|Матеріал, здатний потрапити на поверхню дороги.
země|země|земля, страна|земля, країна|По контексту поверхность земли либо государство.|За контекстом поверхня землі чи держава.
zemědělský|zemědělských|сельскохозяйственный|сільськогосподарський|Транспорт или техника для сельскохозяйственных работ.|Транспорт чи техніка для сільськогосподарських робіт.
zhasnout|zhasnout|погаснуть, выключить свет|згаснути, вимкнути світло|Прекращение свечения сигнала или светового прибора.|Припинення світіння сигналу чи світлового приладу.
zhoršený|zhoršenou|ухудшенный|погіршений|Менее благоприятное состояние, например видимость.|Менш сприятливий стан, наприклад видимість.
zimní|zimní zimních zimního|зимний|зимовий|Относится к зимним условиям или оснащению транспорта.|Стосується зимових умов чи оснащення транспорту.
zima|zimě|зима|зима|Сезон возможного снега, льда и зимних условий.|Сезон можливого снігу, льоду й зимових умов.
zjistit|zjistěte|выяснить|з'ясувати|Установить фактическое значение или условие.|Установити фактичне значення чи умову.
zkontrolovat|zkontrolujte|проверить|перевірити|Убедиться в состоянии транспорта или применимости условия.|Переконатися у стані транспорту чи застосовності умови.
zkrácený|zkrácené|укороченный|укорочений|Отрезок или промежуток меньше обычного.|Відрізок чи проміжок менші за звичайні.
zkrácení|zkrácení|сокращение|скорочення|Уменьшение длины или промежутка.|Зменшення довжини чи проміжку.
zkřížený|zkřížené|скрещённый|схрещений|Элементы пересекаются крестообразно.|Елементи перетинаються хрестоподібно.
zledovatělý|zledovatělého|обледенелый|обледенілий|Поверхность покрыта льдом, ухудшающим сцепление.|Поверхня вкрита льодом, що погіршує зчеплення.
zmenšit|zmenší|уменьшить|зменшити|Сделать величину или пространство меньше.|Зробити величину чи простір меншими.
změna|změna změnou změnu změny|изменение|зміна|Переход к другому состоянию, направлению или условию.|Перехід до іншого стану, напрямку чи умови.
změnit|změnit změňte|изменить|змінити|Выбрать другое направление, полосу или действие.|Обрати інший напрямок, смугу чи дію.
znak|znak znakem znaky znaků|символ, признак|символ, ознака|Графический символ или отличительный признак обозначения.|Графічний символ чи відмінна ознака позначення.
znamenat|znamenají znamenat znamená|означать|означати|Передавать определённое значение дорожного обозначения.|Передавати певне значення дорожнього позначення.
znamení|znamení znamením|сигнал, знак|сигнал, знак|Сигнал участнику движения, например поворотником.|Сигнал учаснику руху, наприклад покажчиком повороту.
značka|značce značek značka značkami značkou značku značky|знак|знак|Дорожный знак с установленным значением.|Дорожній знак з установленим значенням.
značený|značené|обозначенный, размеченный|позначений, розмічений|Выделен дорожным обозначением или разметкой.|Виділений дорожнім позначенням чи розміткою.
značení|značení|обозначение, разметка|позначення, розмітка|Система знаков либо нанесённые на дорогу линии и символы.|Система знаків або нанесені на дорогу лінії й символи.
znovu|znovu|снова|знову|Повторное действие или повторное начало условия.|Повторна дія чи повторний початок умови.
zobrazený|zobrazené zobrazeného zobrazenému zobrazený|изображённый|зображений|Показанный рисунком или схемой на знаке.|Показаний малюнком чи схемою на знаку.
zobrazovat|zobrazuje|изображать, показывать|зображати, показувати|Передавать информацию рисунком или символом.|Передавати інформацію малюнком чи символом.
zohlednit|zohledněte|учесть|урахувати|Принять во внимание названные условия движения.|Узяти до уваги названі умови руху.
zpomalení|zpomalení|замедление|уповільнення|Снижение скорости транспортного средства.|Зниження швидкості транспортного засобу.
zpomalit|zpomalit zpomalte|снизить скорость|знизити швидкість|Начать двигаться медленнее с учётом ситуации.|Почати рухатися повільніше з урахуванням ситуації.
zpomalovací|zpomalovací zpomalovacím|для снижения скорости|для зниження швидкості|Элемент дороги, побуждающий уменьшить скорость.|Елемент дороги, який спонукає зменшити швидкість.
zpoplatnění|zpoplatnění|взимание платы|стягнення плати|Установление платы за пользование дорогой или услугой.|Установлення плати за користування дорогою чи послугою.
zpoplatněný|zpoplatněný|платный|платний|Пользование объектом связано с указанной платой.|Користування об'єктом пов'язане з указаною платою.
zprava|zprava|справа|справа|Направление приближения с правой стороны.|Напрямок наближення з правого боку.
zpravidla|zpravidla|как правило|як правило|О типичном случае, возможны указанные исключения.|Про типовий випадок, можливі вказані винятки.
zpřesňovat|zpřesňuje|уточнять|уточнювати|Делать значение основного обозначения более точным.|Робити значення основного позначення точнішим.
způsob|způsob|способ|спосіб|Как выполняется действие или организовано движение.|Як виконується дія чи організовано рух.
způsobit|způsobit|вызвать, причинить|спричинити, завдати|Стать причиной события, опасности или помехи.|Стати причиною події, небезпеки чи перешкоди.
zrcadlový|zrcadlové|зеркальный|дзеркальний|Изображение с обратным расположением сторон.|Зображення зі зворотним розташуванням боків.
zrcátko|zrcátek zrcátka zrcátky|зеркало заднего вида|дзеркало заднього виду|Помогает видеть пространство позади и сбоку транспорта.|Допомагає бачити простір позаду й збоку транспорту.
zrušení|zrušení|отмена|скасування|Прекращение действия установленного условия.|Припинення дії встановленої умови.
zrychlit|zrychlit|ускориться|прискоритися|Увеличить скорость движения.|Збільшити швидкість руху.
zužovat|zužuje|сужать, сужаться|звужувати, звужуватися|Ширина дороги или доступного пространства уменьшается.|Ширина дороги чи доступного простору зменшується.
zvážit|zvažte|обдумать, оценить|обміркувати, оцінити|Оценить уместность действия перед его выполнением.|Оцінити доречність дії перед її виконанням.
zvedací|zvedací|подъёмный|підіймальний|Элемент сооружения, который может подниматься.|Елемент споруди, який може підійматися.
zvláštní|zvláštní zvláštních zvláštního zvláštním zvláštními|особый, специальный|особливий, спеціальний|Отдельный вид условия, сигнала или использования.|Окремий вид умови, сигналу чи використання.
zvláště|zvláště|особенно|особливо|Выделяет наиболее важную часть условия.|Виділяє найважливішу частину умови.
zvolit|zvolte|выбрать|обрати|Определить подходящий путь или действие.|Визначити відповідний шлях чи дію.
zvukový|zvukové zvukových|звуковой|звуковий|Сигнал или предупреждение воспринимаются на слух.|Сигнал чи попередження сприймаються на слух.
zvýšit|zvyšte zvýšení|повысить, увеличение|підвищити, збільшення|Увеличить указанную величину, дистанцию или внимание.|Збільшити вказану величину, дистанцію чи увагу.
zvíře|zvířat zvířata zvíře zvířete zvířetem zvířeti|животное|тварина|Животные на дороге или рядом с ней.|Тварини на дорозі чи поряд із нею.
zvýšený|zvýšenou zvýšené zvýšeným|повышенный|підвищений|Большая величина, уровень опасности или внимания.|Більша величина, рівень небезпеки чи уваги.
zvětšit|zvětšete|увеличить|збільшити|Сделать расстояние или другой размер больше.|Зробити відстань чи інший розмір більшими.
zvěř|zvěř zvěří|дикие животные, звери|дикі тварини, звірі|Свободно живущие животные, способные выйти на дорогу.|Тварини, що живуть вільно й можуть вийти на дорогу.
záblesk|záblesky|вспышка|спалах|Короткое включение светового сигнала.|Коротке ввімкнення світлового сигналу.
zákaz|zákaz zákazem zákazu zákazy zákazů|запрет|заборона|Недопустимость названного действия по знаку или правилу.|Недопустимість названої дії за знаком чи правилом.
zákazový|zákazovou|запрещающий|заборонний|Относится к знакам, запрещающим действие.|Стосується знаків, які забороняють дію.
zákon|zákon|закон|закон|Официальный нормативный акт о правилах движения.|Офіційний нормативний акт про правила руху.
zákonný|zákonnou zákonné|законный, установленный законом|законний, установлений законом|Требование или условие, предусмотренное законом.|Вимога чи умова, передбачена законом.
záměna|záměna|путаница, подмена|плутанина, підміна|Ошибочное принятие одного обозначения за другое.|Помилкове сприйняття одного позначення як іншого.
záruka|záruka zárukou|гарантия|гарантія|Уверенность в результате; знак не всегда её даёт.|Упевненість у результаті; знак не завжди її дає.
zásobování|zásobování|снабжение, доставка|постачання, доставка|Доставка товаров и материалов к указанному месту.|Доставка товарів і матеріалів до вказаного місця.
závada|závadě|неисправность|несправність|Техническая проблема транспортного средства.|Технічна проблема транспортного засобу.
závora|závor závora závorami závory|шлагбаум|шлагбаум|Подвижное заграждение, закрывающее проезд.|Рухоме загородження, яке закриває проїзд.
zóna|zóna zónou zónu zóny zóně|зона|зона|Территория с обозначенным режимом движения.|Територія з позначеним режимом руху.
zónový|zónovou zónové zónový|зональный|зональний|Относится к правилу на территории обозначенной зоны.|Стосується правила на території позначеної зони.
zúžený|zúžená zúženému|суженный|звужений|Ширина доступного проезда меньше обычной.|Ширина доступного проїзду менша за звичайну.
zúžení|zúžení|сужение|звуження|Уменьшение ширины дороги или проезда.|Зменшення ширини дороги чи проїзду.
zůstat|zůstaňte zůstává|остаться, сохраняться|залишитися, зберігатися|Сохранить указанное место, положение или условие.|Зберегти вказане місце, положення чи умову.
úbytek|úbytek|уменьшение, убыль|зменшення, убуток|Здесь сокращение числа полос или доступного пространства.|Тут скорочення кількості смуг чи доступного простору.
údaj|údaj údajem|данные, значение|дані, значення|Информация или число, указанные на знаке.|Інформація чи число, вказані на знаку.
úhel|úhlu|угол|кут|Угол между направлениями, линиями или положением транспорта.|Кут між напрямками, лініями чи положенням транспорту.
úhrada|úhradu|оплата|оплата|Внесение платы за указанное пользование.|Внесення плати за вказане користування.
úkon|úkon|действие, операция|дія, операція|Конкретное действие водителя или участника движения.|Конкретна дія водія чи учасника руху.
úmyslně|úmyslně|намеренно|навмисно|Действие или устройство выполнены целенаправленно.|Дію чи облаштування виконано цілеспрямовано.
únikový|únikovém únikový|эвакуационный, аварийный|евакуаційний, аварійний|Предназначен для выхода из опасного места.|Призначений для виходу з небезпечного місця.
únik|úniku|выход, эвакуация|вихід, евакуація|Здесь покидание опасного места по безопасному пути.|Тут залишення небезпечного місця безпечним шляхом.
únosný|únosná|выдерживающий нагрузку|той, що витримує навантаження|Способность поверхности выдержать массу транспорта.|Здатність поверхні витримати масу транспорту.
úprava|úprava úpravou úpravu|регулирование, изменение|регулювання, зміна|Установление порядка движения или изменение устройства дороги.|Установлення порядку руху чи зміна облаштування дороги.
úrovňový|úrovňovou|на одном уровне|на одному рівні|Пересечение путей без разделения по высоте.|Перетин шляхів без розділення за висотою.
úsek|úsek úsekem úseku|участок|ділянка|Отрезок дороги между рассматриваемыми границами.|Відрізок дороги між розглянутими межами.
územní|územního|территориальный|територіальний|Относится к территории и её обозначению.|Стосується території та її позначення.
území|území|территория|територія|Область, в пределах которой находится участок или действует условие.|Область, у межах якої є ділянка чи діє умова.
úzký|úzkého|узкий|вузький|Проезд с небольшой шириной доступного пространства.|Проїзд із малою шириною доступного простору.
účastník|účastníkem účastníků účastníkům|участник|учасник|Человек, участвующий в дорожном движении.|Людина, яка бере участь у дорожньому русі.
účel|účel|цель, назначение|мета, призначення|Для чего используется объект или выполняется действие.|Для чого використовують об'єкт чи виконують дію.
účelový|účelové|целевого назначения|цільового призначення|Относится к определённой цели использования дороги.|Стосується певної мети використання дороги.
čára|čar čára čárou čáru čáry|линия|лінія|Линия дорожной разметки на поверхности дороги.|Лінія дорожньої розмітки на поверхні дороги.
čas|čas času|время|час|Момент или продолжительность действия условия.|Момент чи тривалість дії умови.
časový|časového časovém časový časovým|временной|часовий|Относится к периоду или времени действия обозначения.|Стосується періоду чи часу дії позначення.
častý|často častý častým|частый, часто|частий, часто|Событие или ошибка повторяются в подобных ситуациях.|Подія чи помилка повторюються в подібних ситуаціях.
čekací|čekací|для ожидания|для очікування|Выделенное место, где ждут возможности продолжить движение.|Виділене місце, де чекають можливості продовжити рух.
čekat|čekajících čeká|ждать, ожидающий|чекати, той, що очікує|Ожидать разрешения, транспорта или нужного условия.|Очікувати дозволу, транспорту чи потрібної умови.
čerpací|čerpací|заправочный|заправний|В čerpací stanice означает станцию заправки топливом.|У čerpací stanice означає станцію заправлення паливом.
červený|červená červené červeného červeném červený červených červeným|красный|червоний|Цвет сигнала или элемента дорожного обозначения.|Колір сигналу чи елемента дорожнього позначення.
či|či|или|чи, або|Соединяет альтернативные варианты условия.|Поєднує альтернативні варіанти умови.
čočka|čočce|линза|лінза|Здесь оптическая поверхность светового сигнала.|Тут оптична поверхня світлового сигналу.
čr|čr|Чешская Республика|Чеська Республіка|Сокращённое название страны в дорожном тексте.|Скорочена назва країни в дорожньому тексті.
číst|čtěte|читать, понимать|читати, розуміти|Прочитать надпись и понять значение обозначения.|Прочитати напис і зрозуміти значення позначення.
částečný|částečné|частичный|частковий|Относится лишь к части пространства или действия.|Стосується лише частини простору чи дії.
část|části|часть|частина|Элемент дороги или обозначения внутри целого.|Елемент дороги чи позначення всередині цілого.
číselný|číselný číselným|числовой, цифровой|числовий, цифровий|Значение выражено числом на обозначении.|Значення виражене числом на позначенні.
číslo|čísla číslem číslo|число, номер|число, номер|Числовое значение, номер дороги или обозначения.|Числове значення, номер дороги чи позначення.
řada|řady|ряд|ряд|Последовательность транспорта или элементов.|Послідовність транспорту чи елементів.
řadící|řadící|для перестроения|для перелаштування|О полосе или стрелке выбора нужного положения в потоке.|Про смугу чи стрілку вибору потрібного положення в потоці.
řazení|řazení|перестроение, переключение|перелаштування, перемикання|Выбор полосы либо передачи по контексту.|Вибір смуги чи передачі за контекстом.
řeka|řeky|река|річка|Водный объект рядом с дорогой или мостом.|Водний об'єкт біля дороги чи мосту.
řetěz|řetěz řetězy řetězů|цепь|ланцюг|Здесь цепь на колесе для улучшения сцепления.|Тут ланцюг на колесі для поліпшення зчеплення.
řídit|řiďte řídí řídíte-li|управлять, руководствоваться|керувати, керуватися|Управлять движением либо следовать указанному правилу.|Керувати рухом чи дотримуватися вказаного правила.
řízený|řízené|регулируемый|регульований|Движение управляется сигналами или регулировщиком.|Рух керується сигналами чи регулювальником.
řízení|řízení|управление, регулирование|керування, регулювання|Управление транспортом либо организация движения.|Керування транспортом чи організація руху.
šikmý|šikmé šikmého šikmý|наклонный, косой|похилий, косий|Линия или положение под углом к основному направлению.|Лінія чи положення під кутом до основного напрямку.
šipka|šipce šipek šipka šipkami šipkou šipku šipky|стрелка|стрілка|Символ, указывающий направление движения или пути.|Символ, який указує напрямок руху чи шляху.
širší|širších širším|более широкий|ширший|Большая ширина в сравнении с другим объектом.|Більша ширина в порівнянні з іншим об'єктом.
školení|školení|обучение, инструктаж|навчання, інструктаж|Учебная подготовка по правилам и действиям.|Навчальна підготовка щодо правил і дій.
špatný|špatné špatný|плохой, неправильный|поганий, неправильний|Неподходящее условие или ошибочное действие.|Невідповідна умова чи помилкова дія.
šrafovaný|šrafovanou|заштрихованный|заштрихований|Поверхность выделена наклонными линиями разметки.|Поверхня виділена похилими лініями розмітки.
šrafování|šrafování|штриховка|штрихування|Наклонные линии, выделяющие область дорожной разметки.|Похилі лінії, що виділяють область дорожньої розмітки.
štěrk|štěrk|гравий, щебень|гравій, щебінь|Мелкие камни на поверхности дороги.|Дрібне каміння на поверхні дороги.
šířka|šířce šířka šířku|ширина|ширина|Поперечный размер транспорта или пространства для проезда.|Поперечний розмір транспорту чи простору для проїзду.
že|že|что|що|Связывает поясняемое утверждение с его содержанием.|Пов'язує пояснюване твердження з його змістом.
železniční|železniční|железнодорожный|залізничний|Относится к железной дороге и её переездам.|Стосується залізниці та її переїздів.
žijící|žijících žijícího|живущий|той, що живе|Здесь животные, живущие в природе рядом с дорогой.|Тут тварини, які живуть у природі біля дороги.
životní|životní životního|жизненный, окружающей среды|життєвий, довкілля|В životní prostředí означает окружающую среду.|У životní prostředí означає довкілля.
živočich|živočicha|живое существо, животное|жива істота, тварина|Животное, которое может находиться возле дороги.|Тварина, яка може перебувати біля дороги.
žlutý|žlutou žlutá žluté žlutého žlutý žlutým|жёлтый|жовтий|Цвет светового сигнала или элемента разметки.|Колір світлового сигналу чи елемента розмітки.
